{
  "type": "FeatureCollection",
  "generator": "overpass-turbo",
  "copyright": "The data included in this document is from www.openstreetmap.org. The data is made available under ODbL.",
  "timestamp": "2025-11-12T18:17:03Z",
  "features": [
    {
      "type": "Feature",
      "properties": {
        "@id": "relation/5758869",
        "admin_level": "5",
        "boundary": "administrative",
        "name": "路環 Coloane",
        "name:cs": "Coloane",
        "name:de": "Coloane",
        "name:en": "Coloane",
        "name:es": "Coloane",
        "name:fa": "کولوان",
        "name:fr": "Coloane",
        "name:id": "Pulau Coloane",
        "name:it": "Coloane",
        "name:ja": "コロアネ",
        "name:ko": "콜로아느섬",
        "name:nl": "Coloane",
        "name:no": "Coloane",
        "name:pl": "Coloane",
        "name:pt": "Coloane",
        "name:ru": "Колоане",
        "name:sv": "Coloane",
        "name:th": "โกโลอานี",
        "name:ur": "کولوان",
        "name:vi": "Lộ Hoàn",
        "name:zh": "路環",
        "name:zh-Hans": "路环",
        "name:zh-Hant": "路環",
        "population": "4262",
        "type": "boundary",
        "wikidata": "Q1022920",
        "wikipedia": "zh:路環"
      },
      "geometry": {
        "type": "Polygon",
        "coordinates": [
          [
            [
              113.5514487,
              22.1282965
            ],
            [
              113.5514789,
              22.1281791
            ],
            [
              113.5515057,
              22.1278977
            ],
            [
              113.5514699,
              22.1276129
            ],
            [
              113.5514701,
              22.1274738
            ],
            [
              113.5514662,
              22.1267022
            ],
            [
              113.5514657,
              22.1265948
            ],
            [
              113.55146,
              22.1254551
            ],
            [
              113.5515307,
              22.1254572
            ],
            [
              113.5515426,
              22.1252327
            ],
            [
              113.5514706,
              22.1252266
            ],
            [
              113.5514772,
              22.1240654
            ],
            [
              113.5514999,
              22.1235101
            ],
            [
              113.5515225,
              22.1226793
            ],
            [
              113.5517895,
              22.1222593
            ],
            [
              113.5517506,
              22.121616
            ],
            [
              113.5516266,
              22.1215431
            ],
            [
              113.5515723,
              22.1215116
            ],
            [
              113.5515363,
              22.1214894
            ],
            [
              113.551512,
              22.1214716
            ],
            [
              113.5514791,
              22.1214511
            ],
            [
              113.55132,
              22.1213199
            ],
            [
              113.55118,
              22.1211999
            ],
            [
              113.5508824,
              22.1210534
            ],
            [
              113.5509055,
              22.1209969
            ],
            [
              113.5507475,
              22.1209109
            ],
            [
              113.5507645,
              22.1208798
            ],
            [
              113.5505851,
              22.1207761
            ],
            [
              113.5503977,
              22.1209311
            ],
            [
              113.550267,
              22.1208077
            ],
            [
              113.5503822,
              22.1207258
            ],
            [
              113.550347,
              22.1206842
            ],
            [
              113.5500548,
              22.120717
            ],
            [
              113.5500234,
              22.1204871
            ],
            [
              113.5502013,
              22.1204534
            ],
            [
              113.5501815,
              22.1204079
            ],
            [
              113.5498577,
              22.1205007
            ],
            [
              113.5497759,
              22.1202778
            ],
            [
              113.5499891,
              22.1201875
            ],
            [
              113.5498407,
              22.1197391
            ],
            [
              113.5498166,
              22.1196795
            ],
            [
              113.5497965,
              22.1196012
            ],
            [
              113.5497929,
              22.1195327
            ],
            [
              113.5498195,
              22.1192223
            ],
            [
              113.549643,
              22.1192107
            ],
            [
              113.5496505,
              22.1191127
            ],
            [
              113.5498237,
              22.1191296
            ],
            [
              113.549739,
              22.1190982
            ],
            [
              113.5493111,
              22.1190007
            ],
            [
              113.5493116,
              22.1189912
            ],
            [
              113.5493135,
              22.1189524
            ],
            [
              113.54933,
              22.1189555
            ],
            [
              113.5493333,
              22.1188927
            ],
            [
              113.5493166,
              22.1188915
            ],
            [
              113.5493213,
              22.1187997
            ],
            [
              113.5493864,
              22.1188068
            ],
            [
              113.5493828,
              22.1188523
            ],
            [
              113.5493722,
              22.1188517
            ],
            [
              113.5493675,
              22.1189151
            ],
            [
              113.5493776,
              22.1189192
            ],
            [
              113.5493734,
              22.118966
            ],
            [
              113.5497021,
              22.1190407
            ],
            [
              113.5495981,
              22.1189561
            ],
            [
              113.5496465,
              22.1189027
            ],
            [
              113.5497392,
              22.1189786
            ],
            [
              113.5497981,
              22.1189943
            ],
            [
              113.5498295,
              22.118894
            ],
            [
              113.549904,
              22.1189163
            ],
            [
              113.5498332,
              22.1186758
            ],
            [
              113.5499718,
              22.1186395
            ],
            [
              113.5500469,
              22.1189241
            ],
            [
              113.5500959,
              22.118911
            ],
            [
              113.5500282,
              22.1186248
            ],
            [
              113.5501103,
              22.1186033
            ],
            [
              113.5503443,
              22.1185676
            ],
            [
              113.5503336,
              22.1185235
            ],
            [
              113.5504717,
              22.1184806
            ],
            [
              113.5504885,
              22.1184669
            ],
            [
              113.5504885,
              22.1184396
            ],
            [
              113.5504831,
              22.1183924
            ],
            [
              113.5504456,
              22.1183172
            ],
            [
              113.5503812,
              22.1181159
            ],
            [
              113.5503752,
              22.1180395
            ],
            [
              113.550408,
              22.1179973
            ],
            [
              113.5504704,
              22.1179563
            ],
            [
              113.5505193,
              22.117924
            ],
            [
              113.5505864,
              22.1179097
            ],
            [
              113.5506776,
              22.1178768
            ],
            [
              113.549735,
              22.1176087
            ],
            [
              113.5497495,
              22.1175897
            ],
            [
              113.5508519,
              22.1179053
            ],
            [
              113.5509136,
              22.1179184
            ],
            [
              113.5509411,
              22.1178656
            ],
            [
              113.5509512,
              22.1178053
            ],
            [
              113.5509619,
              22.1176482
            ],
            [
              113.5509619,
              22.1175103
            ],
            [
              113.5509472,
              22.1173972
            ],
            [
              113.5506002,
              22.1158278
            ],
            [
              113.5500483,
              22.1145118
            ],
            [
              113.5497579,
              22.114335
            ],
            [
              113.5493896,
              22.1141566
            ],
            [
              113.5494386,
              22.1140659
            ],
            [
              113.5493278,
              22.1139408
            ],
            [
              113.5492956,
              22.1138911
            ],
            [
              113.5492513,
              22.1138693
            ],
            [
              113.5491957,
              22.1138538
            ],
            [
              113.5491648,
              22.1138283
            ],
            [
              113.5491454,
              22.1137923
            ],
            [
              113.5491454,
              22.1137612
            ],
            [
              113.5491528,
              22.1137401
            ],
            [
              113.5491709,
              22.1137103
            ],
            [
              113.5492051,
              22.1136817
            ],
            [
              113.5492748,
              22.1136606
            ],
            [
              113.5494909,
              22.1135273
            ],
            [
              113.5497643,
              22.1133227
            ],
            [
              113.5497844,
              22.1132785
            ],
            [
              113.5497951,
              22.1132177
            ],
            [
              113.5498434,
              22.1129763
            ],
            [
              113.5499711,
              22.1125086
            ],
            [
              113.5501402,
              22.1122696
            ],
            [
              113.5502231,
              22.1121796
            ],
            [
              113.5504463,
              22.1119971
            ],
            [
              113.550543,
              22.1118967
            ],
            [
              113.5506351,
              22.1118361
            ],
            [
              113.550723,
              22.1118123
            ],
            [
              113.5508037,
              22.1118112
            ],
            [
              113.5509373,
              22.1118403
            ],
            [
              113.5510798,
              22.1118412
            ],
            [
              113.5511872,
              22.1118236
            ],
            [
              113.5512821,
              22.1117747
            ],
            [
              113.5513935,
              22.1116427
            ],
            [
              113.5514387,
              22.1115909
            ],
            [
              113.5514722,
              22.1115751
            ],
            [
              113.5515077,
              22.1115739
            ],
            [
              113.5515681,
              22.1115764
            ],
            [
              113.5516358,
              22.1115815
            ],
            [
              113.5517069,
              22.111572
            ],
            [
              113.5518021,
              22.1115428
            ],
            [
              113.5519369,
              22.1114848
            ],
            [
              113.5520026,
              22.1114428
            ],
            [
              113.552053,
              22.111372
            ],
            [
              113.552179,
              22.1112577
            ],
            [
              113.5523289,
              22.1111827
            ],
            [
              113.5524628,
              22.1111026
            ],
            [
              113.5525836,
              22.1110416
            ],
            [
              113.5527417,
              22.110983
            ],
            [
              113.5528541,
              22.1109231
            ],
            [
              113.5530715,
              22.1108014
            ],
            [
              113.5531526,
              22.1107632
            ],
            [
              113.5534369,
              22.1106799
            ],
            [
              113.5535228,
              22.1106544
            ],
            [
              113.5535952,
              22.1106103
            ],
            [
              113.5536642,
              22.1105569
            ],
            [
              113.5537152,
              22.1104876
            ],
            [
              113.5537438,
              22.1102393
            ],
            [
              113.5538872,
              22.110078
            ],
            [
              113.5541595,
              22.1099566
            ],
            [
              113.5550141,
              22.1098304
            ],
            [
              113.5554188,
              22.1099946
            ],
            [
              113.5561167,
              22.1098694
            ],
            [
              113.556207,
              22.1098987
            ],
            [
              113.5564994,
              22.10979
            ],
            [
              113.5569934,
              22.1101371
            ],
            [
              113.5572,
              22.11055
            ],
            [
              113.556928,
              22.1106463
            ],
            [
              113.5569564,
              22.1108342
            ],
            [
              113.5570817,
              22.110943
            ],
            [
              113.5574472,
              22.1111743
            ],
            [
              113.5576481,
              22.1110451
            ],
            [
              113.5579644,
              22.1113811
            ],
            [
              113.5581476,
              22.1114179
            ],
            [
              113.5582849,
              22.1112973
            ],
            [
              113.558421,
              22.1115296
            ],
            [
              113.5585231,
              22.1114852
            ],
            [
              113.5587001,
              22.1115988
            ],
            [
              113.5588023,
              22.111722
            ],
            [
              113.5588233,
              22.1118675
            ],
            [
              113.5587369,
              22.112007
            ],
            [
              113.5587897,
              22.1121474
            ],
            [
              113.5588828,
              22.1123947
            ],
            [
              113.559048,
              22.1125937
            ],
            [
              113.5594651,
              22.1129578
            ],
            [
              113.5599524,
              22.1132232
            ],
            [
              113.5604763,
              22.1133171
            ],
            [
              113.5609679,
              22.1133246
            ],
            [
              113.5613799,
              22.1132301
            ],
            [
              113.5613064,
              22.1129911
            ],
            [
              113.5614357,
              22.1129632
            ],
            [
              113.561389,
              22.1124996
            ],
            [
              113.5614711,
              22.1124576
            ],
            [
              113.5614816,
              22.1121532
            ],
            [
              113.5617165,
              22.112182
            ],
            [
              113.5617363,
              22.112046
            ],
            [
              113.5618114,
              22.1119727
            ],
            [
              113.5618839,
              22.1118944
            ],
            [
              113.5618745,
              22.1118286
            ],
            [
              113.5619346,
              22.1117779
            ],
            [
              113.5621266,
              22.1117006
            ],
            [
              113.5621896,
              22.1116
            ],
            [
              113.562246,
              22.1116074
            ],
            [
              113.5623028,
              22.1115436
            ],
            [
              113.5624096,
              22.1115776
            ],
            [
              113.5624927,
              22.1117056
            ],
            [
              113.5628146,
              22.1118172
            ],
            [
              113.5629587,
              22.1117655
            ],
            [
              113.5631941,
              22.1118112
            ],
            [
              113.5633537,
              22.1118596
            ],
            [
              113.5633634,
              22.1119186
            ],
            [
              113.5638365,
              22.1122468
            ],
            [
              113.5641165,
              22.1122521
            ],
            [
              113.5641704,
              22.112188
            ],
            [
              113.564236,
              22.1121234
            ],
            [
              113.5643314,
              22.1120564
            ],
            [
              113.5644537,
              22.1120019
            ],
            [
              113.5645374,
              22.1119776
            ],
            [
              113.5646291,
              22.1119657
            ],
            [
              113.5647282,
              22.1119683
            ],
            [
              113.5648166,
              22.1119809
            ],
            [
              113.5648981,
              22.1120079
            ],
            [
              113.5649496,
              22.112038
            ],
            [
              113.5650128,
              22.1120925
            ],
            [
              113.565069,
              22.1121616
            ],
            [
              113.5651506,
              22.1122834
            ],
            [
              113.5652683,
              22.1122861
            ],
            [
              113.5653571,
              22.1124099
            ],
            [
              113.5655519,
              22.1124086
            ],
            [
              113.565639,
              22.1123266
            ],
            [
              113.5660787,
              22.1123312
            ],
            [
              113.5661725,
              22.1122501
            ],
            [
              113.5661749,
              22.1120744
            ],
            [
              113.5654054,
              22.1120699
            ],
            [
              113.5654003,
              22.1120807
            ],
            [
              113.5653855,
              22.1120862
            ],
            [
              113.5653668,
              22.1120807
            ],
            [
              113.5653615,
              22.1120727
            ],
            [
              113.5653599,
              22.1120648
            ],
            [
              113.5653584,
              22.1120513
            ],
            [
              113.5653669,
              22.1120364
            ],
            [
              113.5653773,
              22.1120258
            ],
            [
              113.5653951,
              22.1120224
            ],
            [
              113.565415,
              22.1120203
            ],
            [
              113.5673572,
              22.112007
            ],
            [
              113.5674446,
              22.1122508
            ],
            [
              113.5676209,
              22.1122754
            ],
            [
              113.5679046,
              22.1122024
            ],
            [
              113.5679671,
              22.1121268
            ],
            [
              113.56823,
              22.1120224
            ],
            [
              113.5682635,
              22.1121069
            ],
            [
              113.5683694,
              22.1120671
            ],
            [
              113.5686564,
              22.1119379
            ],
            [
              113.5688487,
              22.1118198
            ],
            [
              113.5694684,
              22.1117282
            ],
            [
              113.5695764,
              22.1117938
            ],
            [
              113.56999,
              22.1117324
            ],
            [
              113.5704842,
              22.1118702
            ],
            [
              113.5706954,
              22.1118573
            ],
            [
              113.5708486,
              22.1118947
            ],
            [
              113.5709994,
              22.1119686
            ],
            [
              113.5711394,
              22.1120774
            ],
            [
              113.5713615,
              22.112181
            ],
            [
              113.5717043,
              22.1123182
            ],
            [
              113.5719089,
              22.1124665
            ],
            [
              113.5720703,
              22.1125453
            ],
            [
              113.5722042,
              22.1126186
            ],
            [
              113.5728326,
              22.1127672
            ],
            [
              113.5729272,
              22.1128453
            ],
            [
              113.572959,
              22.1128356
            ],
            [
              113.573003,
              22.1128129
            ],
            [
              113.5730302,
              22.1128135
            ],
            [
              113.573052,
              22.112839
            ],
            [
              113.573047,
              22.1128771
            ],
            [
              113.5730297,
              22.1129189
            ],
            [
              113.5730758,
              22.112968
            ],
            [
              113.5732524,
              22.1132075
            ],
            [
              113.5733992,
              22.1133695
            ],
            [
              113.5735625,
              22.1134935
            ],
            [
              113.5736819,
              22.113622
            ],
            [
              113.5737902,
              22.1137519
            ],
            [
              113.5739981,
              22.1137124
            ],
            [
              113.57424,
              22.11389
            ],
            [
              113.5742631,
              22.1140737
            ],
            [
              113.5740622,
              22.1141644
            ],
            [
              113.573931,
              22.1140931
            ],
            [
              113.5740179,
              22.1145491
            ],
            [
              113.574019,
              22.1148898
            ],
            [
              113.5739313,
              22.1149743
            ],
            [
              113.5739825,
              22.1151268
            ],
            [
              113.5741386,
              22.1154973
            ],
            [
              113.5740308,
              22.1155751
            ],
            [
              113.5740008,
              22.1157033
            ],
            [
              113.5738028,
              22.1157033
            ],
            [
              113.5736832,
              22.1158885
            ],
            [
              113.5734418,
              22.1162622
            ],
            [
              113.5733935,
              22.1163172
            ],
            [
              113.5733345,
              22.1163398
            ],
            [
              113.5732554,
              22.1163504
            ],
            [
              113.5732013,
              22.1163441
            ],
            [
              113.5731314,
              22.116317
            ],
            [
              113.573099,
              22.1162898
            ],
            [
              113.5730692,
              22.1162407
            ],
            [
              113.5730599,
              22.1161979
            ],
            [
              113.5730668,
              22.1161575
            ],
            [
              113.5729243,
              22.1161314
            ],
            [
              113.5727674,
              22.1161336
            ],
            [
              113.5725747,
              22.1161686
            ],
            [
              113.5722867,
              22.1162382
            ],
            [
              113.5720189,
              22.1162738
            ],
            [
              113.5718491,
              22.1162777
            ],
            [
              113.5716456,
              22.1162659
            ],
            [
              113.5713215,
              22.1162269
            ],
            [
              113.5711318,
              22.1161949
            ],
            [
              113.5708132,
              22.1161266
            ],
            [
              113.5707856,
              22.1161971
            ],
            [
              113.570972,
              22.1163315
            ],
            [
              113.5709407,
              22.116428
            ],
            [
              113.5708799,
              22.1164477
            ],
            [
              113.5707929,
              22.116391
            ],
            [
              113.5708068,
              22.1163653
            ],
            [
              113.5706919,
              22.1162957
            ],
            [
              113.5706634,
              22.11628
            ],
            [
              113.5706272,
              22.1162747
            ],
            [
              113.5703382,
              22.1163812
            ],
            [
              113.5702701,
              22.1164304
            ],
            [
              113.5702275,
              22.1166049
            ],
            [
              113.5702079,
              22.1167589
            ],
            [
              113.5701595,
              22.117061
            ],
            [
              113.5700085,
              22.1178082
            ],
            [
              113.5700605,
              22.1184255
            ],
            [
              113.5702414,
              22.1189205
            ],
            [
              113.5703303,
              22.1192159
            ],
            [
              113.5706123,
              22.1201522
            ],
            [
              113.5708299,
              22.1206561
            ],
            [
              113.5710037,
              22.121121
            ],
            [
              113.571266,
              22.1216137
            ],
            [
              113.5715533,
              22.1219556
            ],
            [
              113.571851,
              22.1223395
            ],
            [
              113.5721348,
              22.1227569
            ],
            [
              113.5724038,
              22.1230998
            ],
            [
              113.5726589,
              22.1233769
            ],
            [
              113.572982,
              22.1236808
            ],
            [
              113.5732598,
              22.1240102
            ],
            [
              113.5736219,
              22.1243626
            ],
            [
              113.5739203,
              22.1245608
            ],
            [
              113.5741928,
              22.1247482
            ],
            [
              113.5745077,
              22.1249273
            ],
            [
              113.5748166,
              22.1251065
            ],
            [
              113.575134,
              22.1252468
            ],
            [
              113.5752502,
              22.1252981
            ],
            [
              113.5754065,
              22.1253149
            ],
            [
              113.5754896,
              22.1252655
            ],
            [
              113.5755704,
              22.1251794
            ],
            [
              113.5756372,
              22.1250762
            ],
            [
              113.5757255,
              22.124973
            ],
            [
              113.575779,
              22.1249596
            ],
            [
              113.5757977,
              22.1249262
            ],
            [
              113.5757935,
              22.1248723
            ],
            [
              113.5758818,
              22.1247631
            ],
            [
              113.5761965,
              22.1245802
            ],
            [
              113.5764791,
              22.1244428
            ],
            [
              113.5767152,
              22.1243427
            ],
            [
              113.5769552,
              22.1242452
            ],
            [
              113.5773588,
              22.1240961
            ],
            [
              113.5774155,
              22.1240368
            ],
            [
              113.5774657,
              22.1239763
            ],
            [
              113.5776879,
              22.1237178
            ],
            [
              113.5777607,
              22.1236804
            ],
            [
              113.5778846,
              22.1236713
            ],
            [
              113.5780495,
              22.1236892
            ],
            [
              113.5783284,
              22.1237382
            ],
            [
              113.5786739,
              22.123774
            ],
            [
              113.5789063,
              22.1237781
            ],
            [
              113.5791757,
              22.1237203
            ],
            [
              113.5794208,
              22.1236496
            ],
            [
              113.5795958,
              22.1235755
            ],
            [
              113.5797366,
              22.123511
            ],
            [
              113.5798526,
              22.1234413
            ],
            [
              113.5800092,
              22.1233793
            ],
            [
              113.5801308,
              22.1233709
            ],
            [
              113.5802825,
              22.1233893
            ],
            [
              113.5803817,
              22.1234331
            ],
            [
              113.5805227,
              22.1235337
            ],
            [
              113.5807807,
              22.1236972
            ],
            [
              113.5811627,
              22.1239605
            ],
            [
              113.5815009,
              22.1241889
            ],
            [
              113.5816909,
              22.1243034
            ],
            [
              113.581881,
              22.124403
            ],
            [
              113.5821594,
              22.1245598
            ],
            [
              113.582362,
              22.1246525
            ],
            [
              113.5826347,
              22.1247479
            ],
            [
              113.5828804,
              22.1248051
            ],
            [
              113.5831419,
              22.1248948
            ],
            [
              113.5832599,
              22.1249796
            ],
            [
              113.5834209,
              22.1251383
            ],
            [
              113.5834835,
              22.1253211
            ],
            [
              113.5836022,
              22.1256404
            ],
            [
              113.5840488,
              22.126523
            ],
            [
              113.5841177,
              22.1266592
            ],
            [
              113.584497,
              22.1268714
            ],
            [
              113.5845707,
              22.1269126
            ],
            [
              113.5846824,
              22.1270357
            ],
            [
              113.5848416,
              22.1272113
            ],
            [
              113.5851099,
              22.1273191
            ],
            [
              113.5852161,
              22.1273817
            ],
            [
              113.585259,
              22.1274214
            ],
            [
              113.5852859,
              22.1274652
            ],
            [
              113.5853406,
              22.1275666
            ],
            [
              113.5854125,
              22.1276093
            ],
            [
              113.5855594,
              22.1276729
            ],
            [
              113.5856335,
              22.1276967
            ],
            [
              113.5856775,
              22.1277047
            ],
            [
              113.5857386,
              22.1277375
            ],
            [
              113.5857579,
              22.1277673
            ],
            [
              113.5857762,
              22.1277981
            ],
            [
              113.5857386,
              22.1278826
            ],
            [
              113.5857697,
              22.1279263
            ],
            [
              113.5857517,
              22.1279515
            ],
            [
              113.5858038,
              22.1278964
            ],
            [
              113.5858285,
              22.1278951
            ],
            [
              113.5858684,
              22.1279021
            ],
            [
              113.5859283,
              22.1278957
            ],
            [
              113.5859551,
              22.1278836
            ],
            [
              113.5859909,
              22.1278492
            ],
            [
              113.586028,
              22.1278499
            ],
            [
              113.5860775,
              22.1278518
            ],
            [
              113.5860975,
              22.1278817
            ],
            [
              113.5861243,
              22.1279161
            ],
            [
              113.586158,
              22.1279499
            ],
            [
              113.5861594,
              22.1279715
            ],
            [
              113.5861498,
              22.1279926
            ],
            [
              113.5860995,
              22.1279888
            ],
            [
              113.586061,
              22.1279614
            ],
            [
              113.5860239,
              22.1279543
            ],
            [
              113.5859895,
              22.1279684
            ],
            [
              113.5859881,
              22.1279824
            ],
            [
              113.5859998,
              22.1280009
            ],
            [
              113.5859861,
              22.1280206
            ],
            [
              113.5860129,
              22.1280263
            ],
            [
              113.586061,
              22.1280187
            ],
            [
              113.586103,
              22.1280385
            ],
            [
              113.5861594,
              22.1280499
            ],
            [
              113.5862261,
              22.1280308
            ],
            [
              113.5862715,
              22.1280091
            ],
            [
              113.5862956,
              22.1279894
            ],
            [
              113.5863417,
              22.127976
            ],
            [
              113.5863685,
              22.127948
            ],
            [
              113.5864146,
              22.1279416
            ],
            [
              113.5863609,
              22.1279206
            ],
            [
              113.5863437,
              22.1278683
            ],
            [
              113.5863493,
              22.1278073
            ],
            [
              113.5868152,
              22.1275939
            ],
            [
              113.5872478,
              22.1276773
            ],
            [
              113.5873158,
              22.1277805
            ],
            [
              113.5873419,
              22.1278147
            ],
            [
              113.5873844,
              22.1278318
            ],
            [
              113.5874314,
              22.1278183
            ],
            [
              113.5874318,
              22.1277516
            ],
            [
              113.5874161,
              22.1277098
            ],
            [
              113.5874814,
              22.1277224
            ],
            [
              113.5875281,
              22.1276936
            ],
            [
              113.5876796,
              22.1276
            ],
            [
              113.5877761,
              22.1276
            ],
            [
              113.5879466,
              22.1276566
            ],
            [
              113.587998,
              22.1277515
            ],
            [
              113.5880448,
              22.1277719
            ],
            [
              113.5880914,
              22.1277777
            ],
            [
              113.5881163,
              22.1277549
            ],
            [
              113.5880673,
              22.1276755
            ],
            [
              113.5879885,
              22.1275762
            ],
            [
              113.5879333,
              22.1275166
            ],
            [
              113.5879293,
              22.1274733
            ],
            [
              113.5879488,
              22.1274171
            ],
            [
              113.5880571,
              22.1273513
            ],
            [
              113.5881768,
              22.1273284
            ],
            [
              113.5881431,
              22.1272284
            ],
            [
              113.5882173,
              22.1271551
            ],
            [
              113.5883745,
              22.1271435
            ],
            [
              113.5884837,
              22.1271885
            ],
            [
              113.5886584,
              22.1271825
            ],
            [
              113.588934,
              22.1271212
            ],
            [
              113.5890104,
              22.1271176
            ],
            [
              113.5889958,
              22.1270009
            ],
            [
              113.5891053,
              22.1270639
            ],
            [
              113.5891741,
              22.1270908
            ],
            [
              113.5893879,
              22.1271142
            ],
            [
              113.5898898,
              22.1271917
            ],
            [
              113.5900635,
              22.1273288
            ],
            [
              113.5902404,
              22.1275583
            ],
            [
              113.5904399,
              22.1278205
            ],
            [
              113.5905653,
              22.1280053
            ],
            [
              113.5905994,
              22.1280878
            ],
            [
              113.5906088,
              22.1281708
            ],
            [
              113.5905701,
              22.1282174
            ],
            [
              113.5904721,
              22.1282393
            ],
            [
              113.5903981,
              22.1282437
            ],
            [
              113.5903101,
              22.1282656
            ],
            [
              113.5903445,
              22.1283262
            ],
            [
              113.5904538,
              22.1283937
            ],
            [
              113.5905835,
              22.1284587
            ],
            [
              113.5908066,
              22.1285486
            ],
            [
              113.5909729,
              22.1286699
            ],
            [
              113.591129,
              22.1287551
            ],
            [
              113.591239,
              22.12872
            ],
            [
              113.5912723,
              22.1288192
            ],
            [
              113.5913856,
              22.1288634
            ],
            [
              113.5916302,
              22.1290841
            ],
            [
              113.5917012,
              22.1291054
            ],
            [
              113.5917556,
              22.1290898
            ],
            [
              113.5917279,
              22.1290292
            ],
            [
              113.5916768,
              22.1289647
            ],
            [
              113.5916967,
              22.1288966
            ],
            [
              113.5918411,
              22.1289458
            ],
            [
              113.5918844,
              22.128956
            ],
            [
              113.592087,
              22.128956
            ],
            [
              113.5922513,
              22.1289902
            ],
            [
              113.5922989,
              22.1289491
            ],
            [
              113.5923939,
              22.1290204
            ],
            [
              113.5923741,
              22.129061
            ],
            [
              113.5924059,
              22.1291107
            ],
            [
              113.5923852,
              22.1291596
            ],
            [
              113.5924226,
              22.1291928
            ],
            [
              113.5924605,
              22.1291589
            ],
            [
              113.5924912,
              22.1292344
            ],
            [
              113.5924586,
              22.1293295
            ],
            [
              113.5924826,
              22.1294154
            ],
            [
              113.5925728,
              22.1295341
            ],
            [
              113.592576,
              22.1295758
            ],
            [
              113.5925246,
              22.1296265
            ],
            [
              113.5925889,
              22.1297755
            ],
            [
              113.5924892,
              22.1300109
            ],
            [
              113.5923507,
              22.1300355
            ],
            [
              113.5921024,
              22.1298083
            ],
            [
              113.5920738,
              22.1298502
            ],
            [
              113.5922931,
              22.1300394
            ],
            [
              113.5924163,
              22.1301939
            ],
            [
              113.5924152,
              22.1303854
            ],
            [
              113.5925342,
              22.1306576
            ],
            [
              113.5925471,
              22.1308871
            ],
            [
              113.5924731,
              22.1312149
            ],
            [
              113.5923894,
              22.1313311
            ],
            [
              113.5923251,
              22.1313788
            ],
            [
              113.5920396,
              22.1312869
            ],
            [
              113.5920291,
              22.1312834
            ],
            [
              113.591883,
              22.1312391
            ],
            [
              113.5912951,
              22.1324067
            ],
            [
              113.591268,
              22.1324592
            ],
            [
              113.5905616,
              22.1338369
            ],
            [
              113.5905621,
              22.1339237
            ],
            [
              113.5907294,
              22.1342426
            ],
            [
              113.5907326,
              22.1344273
            ],
            [
              113.5906297,
              22.1346717
            ],
            [
              113.5904302,
              22.1347462
            ],
            [
              113.5903723,
              22.1347015
            ],
            [
              113.589893,
              22.1350025
            ],
            [
              113.5899766,
              22.1351098
            ],
            [
              113.5896298,
              22.1353339
            ],
            [
              113.5895914,
              22.1353587
            ],
            [
              113.5893911,
              22.1354882
            ],
            [
              113.587982,
              22.1336913
            ],
            [
              113.5875193,
              22.13402
            ],
            [
              113.5877574,
              22.1343138
            ],
            [
              113.5878,
              22.1343664
            ],
            [
              113.5879447,
              22.134545
            ],
            [
              113.587931,
              22.1346352
            ],
            [
              113.5878916,
              22.1346631
            ],
            [
              113.5878204,
              22.1347098
            ],
            [
              113.5868882,
              22.1353601
            ],
            [
              113.5868174,
              22.1353571
            ],
            [
              113.586737,
              22.1352677
            ],
            [
              113.5863587,
              22.1355115
            ],
            [
              113.5855673,
              22.1345192
            ],
            [
              113.5841759,
              22.1354335
            ],
            [
              113.5839233,
              22.1351062
            ],
            [
              113.5831577,
              22.134984
            ],
            [
              113.5831242,
              22.1352099
            ],
            [
              113.583055,
              22.1353323
            ],
            [
              113.5829459,
              22.1353923
            ],
            [
              113.5828609,
              22.1354365
            ],
            [
              113.5828671,
              22.1354915
            ],
            [
              113.5829743,
              22.1357077
            ],
            [
              113.5829859,
              22.1359009
            ],
            [
              113.5829171,
              22.1360926
            ],
            [
              113.5828956,
              22.1362218
            ],
            [
              113.582919,
              22.1363653
            ],
            [
              113.582836,
              22.1365211
            ],
            [
              113.5828196,
              22.1366106
            ],
            [
              113.5828119,
              22.1366848
            ],
            [
              113.5827782,
              22.1367575
            ],
            [
              113.5826825,
              22.1367788
            ],
            [
              113.5826392,
              22.1367562
            ],
            [
              113.5825511,
              22.1366641
            ],
            [
              113.5824345,
              22.1365456
            ],
            [
              113.5824715,
              22.1364087
            ],
            [
              113.5825283,
              22.136306
            ],
            [
              113.5825909,
              22.1362218
            ],
            [
              113.5825085,
              22.136148
            ],
            [
              113.5824203,
              22.1360295
            ],
            [
              113.582372,
              22.1359111
            ],
            [
              113.5823294,
              22.1358242
            ],
            [
              113.5823123,
              22.1357636
            ],
            [
              113.582409,
              22.135682
            ],
            [
              113.5823322,
              22.1356214
            ],
            [
              113.5822157,
              22.1355714
            ],
            [
              113.5821077,
              22.1354424
            ],
            [
              113.5820963,
              22.1353713
            ],
            [
              113.5820366,
              22.1352818
            ],
            [
              113.5819456,
              22.1352607
            ],
            [
              113.5816557,
              22.1351607
            ],
            [
              113.5815181,
              22.1352403
            ],
            [
              113.5814214,
              22.1352809
            ],
            [
              113.5813522,
              22.1353004
            ],
            [
              113.5812978,
              22.1353004
            ],
            [
              113.5812694,
              22.1352963
            ],
            [
              113.5812363,
              22.13524
            ],
            [
              113.5812153,
              22.1352361
            ],
            [
              113.5811878,
              22.1352443
            ],
            [
              113.5811962,
              22.1352858
            ],
            [
              113.5811871,
              22.1353143
            ],
            [
              113.5811678,
              22.1353386
            ],
            [
              113.5811363,
              22.1353364
            ],
            [
              113.5810875,
              22.1353332
            ],
            [
              113.5810108,
              22.1353658
            ],
            [
              113.5809135,
              22.1354148
            ],
            [
              113.5808756,
              22.1354709
            ],
            [
              113.5808005,
              22.1355333
            ],
            [
              113.5806939,
              22.1356147
            ],
            [
              113.5806686,
              22.1356825
            ],
            [
              113.5806569,
              22.1357188
            ],
            [
              113.5806384,
              22.1357247
            ],
            [
              113.5806134,
              22.1357221
            ],
            [
              113.5805487,
              22.1357575
            ],
            [
              113.5805066,
              22.1357415
            ],
            [
              113.5804462,
              22.1357997
            ],
            [
              113.5804182,
              22.1358716
            ],
            [
              113.5805218,
              22.1364046
            ],
            [
              113.5806018,
              22.1371986
            ],
            [
              113.5805685,
              22.1377397
            ],
            [
              113.5800681,
              22.1384298
            ],
            [
              113.5800678,
              22.1385163
            ],
            [
              113.5801116,
              22.1385611
            ],
            [
              113.5801564,
              22.1385149
            ],
            [
              113.5811611,
              22.1395208
            ],
            [
              113.5819655,
              22.1402764
            ],
            [
              113.5824459,
              22.1407345
            ],
            [
              113.5827643,
              22.1410189
            ],
            [
              113.5829576,
              22.1412795
            ],
            [
              113.5831423,
              22.1417271
            ],
            [
              113.583221,
              22.1419528
            ],
            [
              113.5832281,
              22.1419673
            ],
            [
              113.5832478,
              22.1420117
            ],
            [
              113.5832522,
              22.1420361
            ],
            [
              113.5833182,
              22.142256
            ],
            [
              113.5832705,
              22.1423723
            ],
            [
              113.5833056,
              22.1424286
            ],
            [
              113.5833551,
              22.1424646
            ],
            [
              113.5834549,
              22.142457
            ],
            [
              113.5836283,
              22.1423897
            ],
            [
              113.5838036,
              22.1423617
            ],
            [
              113.5838628,
              22.1423686
            ],
            [
              113.5840109,
              22.14264
            ],
            [
              113.5837376,
              22.1428287
            ],
            [
              113.5837047,
              22.142876
            ],
            [
              113.5837039,
              22.1429483
            ],
            [
              113.5836619,
              22.1430022
            ],
            [
              113.5836108,
              22.143008
            ],
            [
              113.5835642,
              22.1429893
            ],
            [
              113.5833825,
              22.1430497
            ],
            [
              113.58326,
              22.143072
            ],
            [
              113.5830665,
              22.1430788
            ],
            [
              113.5828041,
              22.143057
            ],
            [
              113.5824843,
              22.1429405
            ],
            [
              113.5815574,
              22.1423792
            ],
            [
              113.5805315,
              22.1417005
            ],
            [
              113.5786351,
              22.1405157
            ],
            [
              113.5783153,
              22.1402606
            ],
            [
              113.5782616,
              22.1402015
            ],
            [
              113.5782292,
              22.1401313
            ],
            [
              113.5782176,
              22.1400138
            ],
            [
              113.5782326,
              22.1399459
            ],
            [
              113.5782381,
              22.1399207
            ],
            [
              113.5782903,
              22.1398469
            ],
            [
              113.5771504,
              22.1391377
            ],
            [
              113.5771002,
              22.1390856
            ],
            [
              113.5770735,
              22.1390235
            ],
            [
              113.5770767,
              22.138961
            ],
            [
              113.5771229,
              22.1388982
            ],
            [
              113.5774596,
              22.1384206
            ],
            [
              113.5770301,
              22.138161
            ],
            [
              113.5769947,
              22.1381369
            ],
            [
              113.5764202,
              22.137845
            ],
            [
              113.576343,
              22.1380215
            ],
            [
              113.5763196,
              22.1381193
            ],
            [
              113.576188,
              22.1381884
            ],
            [
              113.5759585,
              22.1382166
            ],
            [
              113.575815,
              22.1381884
            ],
            [
              113.5756557,
              22.1381168
            ],
            [
              113.5754419,
              22.1381126
            ],
            [
              113.575219,
              22.1381168
            ],
            [
              113.5751543,
              22.13811
            ],
            [
              113.5750188,
              22.1380957
            ],
            [
              113.5748823,
              22.1380367
            ],
            [
              113.5748141,
              22.137944
            ],
            [
              113.5744233,
              22.1378255
            ],
            [
              113.5731751,
              22.1379834
            ],
            [
              113.5730046,
              22.1379924
            ],
            [
              113.572818,
              22.1379417
            ],
            [
              113.5725703,
              22.1379149
            ],
            [
              113.5723676,
              22.1379179
            ],
            [
              113.5723065,
              22.1378493
            ],
            [
              113.5721295,
              22.1378672
            ],
            [
              113.571988,
              22.1379358
            ],
            [
              113.5718593,
              22.1380311
            ],
            [
              113.5716277,
              22.1379834
            ],
            [
              113.5715535,
              22.1379376
            ],
            [
              113.5715119,
              22.1379119
            ],
            [
              113.5714057,
              22.1377749
            ],
            [
              113.5711998,
              22.1375752
            ],
            [
              113.5709585,
              22.1374053
            ],
            [
              113.5706111,
              22.1371729
            ],
            [
              113.5705242,
              22.1370507
            ],
            [
              113.5703601,
              22.1369047
            ],
            [
              113.5702926,
              22.1367766
            ],
            [
              113.5699741,
              22.1364786
            ],
            [
              113.5698647,
              22.1363385
            ],
            [
              113.5697521,
              22.1362074
            ],
            [
              113.5695752,
              22.1361836
            ],
            [
              113.5694079,
              22.1361448
            ],
            [
              113.5691956,
              22.1359928
            ],
            [
              113.5688578,
              22.1358647
            ],
            [
              113.5687902,
              22.1357962
            ],
            [
              113.5687259,
              22.135668
            ],
            [
              113.5686036,
              22.1355697
            ],
            [
              113.5682619,
              22.1354987
            ],
            [
              113.568171,
              22.1354713
            ],
            [
              113.5680754,
              22.1353954
            ],
            [
              113.568014,
              22.1353364
            ],
            [
              113.5677911,
              22.1352922
            ],
            [
              113.5676872,
              22.1352863
            ],
            [
              113.5675702,
              22.1352797
            ],
            [
              113.5674634,
              22.1352336
            ],
            [
              113.567418,
              22.135151
            ],
            [
              113.5666475,
              22.1350975
            ],
            [
              113.5632237,
              22.1352361
            ],
            [
              113.5630649,
              22.1319601
            ],
            [
              113.5629809,
              22.1315216
            ],
            [
              113.5627588,
              22.1312797
            ],
            [
              113.5596858,
              22.1314037
            ],
            [
              113.5595745,
              22.1313754
            ],
            [
              113.5595027,
              22.1313273
            ],
            [
              113.5594263,
              22.1312311
            ],
            [
              113.5588993,
              22.1301237
            ],
            [
              113.5514487,
              22.1282965
            ]
          ]
        ]
      },
      "id": "relation/5758869"
    },
    {
      "type": "Feature",
      "properties": {
        "@id": "relation/9506158",
        "admin_level": "5",
        "boundary": "historic",
        "end_date": "1999-12-20",
        "name": "澳門 Macau",
        "name:ar": "ماكاو",
        "name:de": "Concelho de Macau",
        "name:en": "Municipality of Macau",
        "name:eo": "Makao",
        "name:es": "Macao",
        "name:fa": "ماکائو",
        "name:fr": "Municipalité de Macao",
        "name:hu": "Makaó",
        "name:it": "Consiglio di Macao",
        "name:ja": "澳門市",
        "name:ko": "마카오시",
        "name:lzh": "澳門",
        "name:nan": "Ò-mn̂g",
        "name:nan-Hant": "澳門",
        "name:nan-Latn-pehoeji": "Ò-mn̂g",
        "name:nan-Latn-tailo": "Ò-mn̂g",
        "name:nl": "Macau",
        "name:pl": "Makau",
        "name:pt": "Macau",
        "name:ru": "Макао",
        "name:sk": "Macao",
        "name:ur": "مکاؤ",
        "name:vi": "Ma Cao",
        "name:zh": "澳門市",
        "name:zh-Hans": "澳门",
        "name:zh-Hant": "澳門",
        "name:zh-Latn-pinyin": "Àomén-shì",
        "official_name:ar": "بلدية ماكاو",
        "official_name:ur": "بلدیہ مکاؤ",
        "type": "boundary",
        "wikidata": "Q841086",
        "wikipedia": "zh:澳門市"
      },
      "geometry": {
        "type": "Polygon",
        "coordinates": [
          [
            [
              113.5636138,
              22.1998821
            ],
            [
              113.5620689,
              22.2046501
            ],
            [
              113.5615968,
              22.2103715
            ],
            [
              113.5622778,
              22.2122222
            ],
            [
              113.5538902,
              22.2153136
            ],
            [
              113.5538727,
              22.21532
            ],
            [
              113.5520278,
              22.216
            ],
            [
              113.551584,
              22.2157686
            ],
            [
              113.550954,
              22.2159959
            ],
            [
              113.5507712,
              22.2160562
            ],
            [
              113.5508822,
              22.2170485
            ],
            [
              113.5507051,
              22.2170253
            ],
            [
              113.5500028,
              22.2169333
            ],
            [
              113.5496528,
              22.2167333
            ],
            [
              113.5494174,
              22.2166555
            ],
            [
              113.5492,
              22.2166139
            ],
            [
              113.5490447,
              22.2166031
            ],
            [
              113.5488547,
              22.2165981
            ],
            [
              113.5486547,
              22.2166269
            ],
            [
              113.5483361,
              22.2167333
            ],
            [
              113.5477167,
              22.2166583
            ],
            [
              113.5476278,
              22.2165583
            ],
            [
              113.5470388,
              22.2167805
            ],
            [
              113.5465666,
              22.2167833
            ],
            [
              113.5465055,
              22.2167972
            ],
            [
              113.5454777,
              22.2168111
            ],
            [
              113.5451888,
              22.2169222
            ],
            [
              113.5443555,
              22.2169527
            ],
            [
              113.5433916,
              22.2163138
            ],
            [
              113.5424638,
              22.2144333
            ],
            [
              113.5424083,
              22.2142861
            ],
            [
              113.5420138,
              22.2136944
            ],
            [
              113.5419555,
              22.2136722
            ],
            [
              113.5417166,
              22.2132333
            ],
            [
              113.5415861,
              22.2132986
            ],
            [
              113.5415333,
              22.213325
            ],
            [
              113.5414771,
              22.2132588
            ],
            [
              113.5413305,
              22.2130861
            ],
            [
              113.5412642,
              22.213056
            ],
            [
              113.5411979,
              22.2130259
            ],
            [
              113.5409,
              22.2130333
            ],
            [
              113.5381416,
              22.2136417
            ],
            [
              113.5363333,
              22.2136361
            ],
            [
              113.5359971,
              22.2136153
            ],
            [
              113.5357055,
              22.2135583
            ],
            [
              113.5354388,
              22.213475
            ],
            [
              113.5351943,
              22.2134317
            ],
            [
              113.5345671,
              22.2131976
            ],
            [
              113.5330833,
              22.2123056
            ],
            [
              113.5334156,
              22.2113078
            ],
            [
              113.5334443,
              22.2112214
            ],
            [
              113.5339694,
              22.2096444
            ],
            [
              113.5346519,
              22.2073625
            ],
            [
              113.5353889,
              22.2066944
            ],
            [
              113.535494,
              22.2048477
            ],
            [
              113.5355321,
              22.2041626
            ],
            [
              113.5356388,
              22.2023055
            ],
            [
              113.5347208,
              22.198772
            ],
            [
              113.5341978,
              22.1967588
            ],
            [
              113.533611,
              22.1945
            ],
            [
              113.529222,
              22.1885277
            ],
            [
              113.5301944,
              22.1879165
            ],
            [
              113.5291666,
              22.1865555
            ],
            [
              113.5283611,
              22.1845
            ],
            [
              113.5282302,
              22.1829841
            ],
            [
              113.5281666,
              22.1821666
            ],
            [
              113.5294166,
              22.177
            ],
            [
              113.5305833,
              22.1754444
            ],
            [
              113.5319722,
              22.1733055
            ],
            [
              113.5638713,
              22.1785036
            ],
            [
              113.5636551,
              22.1964544
            ],
            [
              113.5636138,
              22.1998821
            ]
          ]
        ]
      },
      "id": "relation/9506158"
    },
    {
      "type": "Feature",
      "properties": {
        "@id": "relation/19584442",
        "name": "氹仔 Taipa",
        "name:ar": "تايبا",
        "name:en": "Taipa",
        "name:ja": "タイパ",
        "name:ml": "തായ്പ",
        "name:pt": "Taipa",
        "name:ru": "Тайпа",
        "name:zh": "氹仔",
        "name:zh-Hans": "氹仔",
        "name:zh-Hant": "氹仔",
        "place": "island",
        "type": "multipolygon",
        "wikidata": "Q1073822",
        "wikipedia": "zh:氹仔"
      },
      "geometry": {
        "type": "Polygon",
        "coordinates": [
          [
            [
              113.576744,
              22.1554431
            ],
            [
              113.5895686,
              22.1475204
            ],
            [
              113.5894167,
              22.1473249
            ],
            [
              113.5893676,
              22.1472007
            ],
            [
              113.58943,
              22.147
            ],
            [
              113.5894935,
              22.1467959
            ],
            [
              113.5895065,
              22.1467539
            ],
            [
              113.5896337,
              22.1463447
            ],
            [
              113.5896444,
              22.1463103
            ],
            [
              113.5897391,
              22.1462241
            ],
            [
              113.5897691,
              22.1461969
            ],
            [
              113.5898778,
              22.1460474
            ],
            [
              113.5899486,
              22.1460879
            ],
            [
              113.5899435,
              22.146128
            ],
            [
              113.5900867,
              22.146118
            ],
            [
              113.590239,
              22.1460792
            ],
            [
              113.5904614,
              22.1455896
            ],
            [
              113.5908334,
              22.144539
            ],
            [
              113.5943677,
              22.1349493
            ],
            [
              113.5944831,
              22.1345515
            ],
            [
              113.5947813,
              22.1342792
            ],
            [
              113.59521,
              22.134029
            ],
            [
              113.5955243,
              22.1340282
            ],
            [
              113.5958481,
              22.1340829
            ],
            [
              113.5978777,
              22.134755
            ],
            [
              113.5981025,
              22.1349825
            ],
            [
              113.5982529,
              22.1352573
            ],
            [
              113.5983546,
              22.13555
            ],
            [
              113.5982978,
              22.135788
            ],
            [
              113.5982532,
              22.1359751
            ],
            [
              113.5919202,
              22.1529645
            ],
            [
              113.587962,
              22.1637974
            ],
            [
              113.5875176,
              22.1650176
            ],
            [
              113.5874001,
              22.1653146
            ],
            [
              113.5871947,
              22.165483
            ],
            [
              113.5867355,
              22.1657165
            ],
            [
              113.5863856,
              22.16573
            ],
            [
              113.5858101,
              22.1655501
            ],
            [
              113.5854771,
              22.1654371
            ],
            [
              113.5851938,
              22.1653409
            ],
            [
              113.5849985,
              22.165171
            ],
            [
              113.5848301,
              22.16492
            ],
            [
              113.5847,
              22.1645271
            ],
            [
              113.5848314,
              22.16401
            ],
            [
              113.5848607,
              22.1639116
            ],
            [
              113.5849662,
              22.1636439
            ],
            [
              113.5850322,
              22.163465
            ],
            [
              113.5788975,
              22.1615078
            ],
            [
              113.5788826,
              22.1615295
            ],
            [
              113.5787282,
              22.1617539
            ],
            [
              113.5787941,
              22.1617936
            ],
            [
              113.5788128,
              22.161858
            ],
            [
              113.5788209,
              22.1619276
            ],
            [
              113.5788,
              22.1619588
            ],
            [
              113.5787307,
              22.1620009
            ],
            [
              113.5787255,
              22.1620194
            ],
            [
              113.5787304,
              22.1620471
            ],
            [
              113.5787536,
              22.1620688
            ],
            [
              113.5787954,
              22.1620639
            ],
            [
              113.5788423,
              22.1620369
            ],
            [
              113.5788529,
              22.1620324
            ],
            [
              113.5788835,
              22.1620533
            ],
            [
              113.5789122,
              22.1620649
            ],
            [
              113.5790114,
              22.1620479
            ],
            [
              113.5790579,
              22.1620459
            ],
            [
              113.5791496,
              22.1620786
            ],
            [
              113.5802926,
              22.1624431
            ],
            [
              113.5812303,
              22.1627957
            ],
            [
              113.5825554,
              22.1632924
            ],
            [
              113.5828881,
              22.1634038
            ],
            [
              113.5835416,
              22.1636058
            ],
            [
              113.5835827,
              22.1636417
            ],
            [
              113.5835863,
              22.163705
            ],
            [
              113.5835808,
              22.1637689
            ],
            [
              113.5835757,
              22.1638279
            ],
            [
              113.5834379,
              22.1642731
            ],
            [
              113.5828258,
              22.1658273
            ],
            [
              113.5828043,
              22.1658805
            ],
            [
              113.5827832,
              22.1659129
            ],
            [
              113.5827503,
              22.1659326
            ],
            [
              113.5827089,
              22.1659379
            ],
            [
              113.582662,
              22.1659375
            ],
            [
              113.5826145,
              22.16593
            ],
            [
              113.582541,
              22.165911
            ],
            [
              113.5816857,
              22.1656308
            ],
            [
              113.5816201,
              22.1656213
            ],
            [
              113.5815449,
              22.1656371
            ],
            [
              113.5814812,
              22.1656709
            ],
            [
              113.5814333,
              22.1657054
            ],
            [
              113.5813762,
              22.1657567
            ],
            [
              113.5813271,
              22.1658081
            ],
            [
              113.5812635,
              22.1659184
            ],
            [
              113.581076,
              22.1664919
            ],
            [
              113.5810457,
              22.1664912
            ],
            [
              113.5809166,
              22.1669627
            ],
            [
              113.5809478,
              22.1670639
            ],
            [
              113.5809503,
              22.167141
            ],
            [
              113.580942,
              22.1671784
            ],
            [
              113.5809347,
              22.1672157
            ],
            [
              113.5809202,
              22.1672406
            ],
            [
              113.5808633,
              22.1672849
            ],
            [
              113.5808066,
              22.167444
            ],
            [
              113.5805545,
              22.1681006
            ],
            [
              113.5802832,
              22.1688146
            ],
            [
              113.5800287,
              22.1694726
            ],
            [
              113.5797438,
              22.1703404
            ],
            [
              113.5797351,
              22.1703561
            ],
            [
              113.579717,
              22.1703689
            ],
            [
              113.5796915,
              22.170372
            ],
            [
              113.5796682,
              22.1703594
            ],
            [
              113.5796591,
              22.1703364
            ],
            [
              113.5796605,
              22.1703155
            ],
            [
              113.5800552,
              22.1691402
            ],
            [
              113.5803385,
              22.1683785
            ],
            [
              113.5804407,
              22.1680936
            ],
            [
              113.5807355,
              22.1673844
            ],
            [
              113.5807457,
              22.1673419
            ],
            [
              113.5807569,
              22.1673049
            ],
            [
              113.5807505,
              22.1672599
            ],
            [
              113.5805348,
              22.1665037
            ],
            [
              113.5801762,
              22.1651405
            ],
            [
              113.5801229,
              22.1649637
            ],
            [
              113.5800047,
              22.1648225
            ],
            [
              113.579753,
              22.1645484
            ],
            [
              113.5797022,
              22.1644989
            ],
            [
              113.579546,
              22.1643293
            ],
            [
              113.5795035,
              22.1642785
            ],
            [
              113.5794727,
              22.1642192
            ],
            [
              113.5794773,
              22.1641521
            ],
            [
              113.5798049,
              22.1632885
            ],
            [
              113.5798171,
              22.1632343
            ],
            [
              113.5798079,
              22.1631627
            ],
            [
              113.5797436,
              22.1630898
            ],
            [
              113.5787101,
              22.1627595
            ],
            [
              113.5786035,
              22.1627361
            ],
            [
              113.5784802,
              22.1627825
            ],
            [
              113.5784419,
              22.1628352
            ],
            [
              113.578451,
              22.1630641
            ],
            [
              113.5785063,
              22.1632682
            ],
            [
              113.5784877,
              22.163317
            ],
            [
              113.5787291,
              22.1642093
            ],
            [
              113.5788463,
              22.1646501
            ],
            [
              113.5786802,
              22.1646935
            ],
            [
              113.5786453,
              22.164574
            ],
            [
              113.5785677,
              22.1645952
            ],
            [
              113.5785572,
              22.1645581
            ],
            [
              113.5783778,
              22.1645997
            ],
            [
              113.578313,
              22.1643858
            ],
            [
              113.5774742,
              22.1645825
            ],
            [
              113.577599,
              22.1650562
            ],
            [
              113.5777704,
              22.1651002
            ],
            [
              113.5777546,
              22.1651603
            ],
            [
              113.5778876,
              22.1651986
            ],
            [
              113.5778523,
              22.1653218
            ],
            [
              113.5777183,
              22.1652858
            ],
            [
              113.5776869,
              22.1654005
            ],
            [
              113.5777697,
              22.165691
            ],
            [
              113.5779549,
              22.1657298
            ],
            [
              113.5779301,
              22.165796
            ],
            [
              113.5780614,
              22.1658244
            ],
            [
              113.5780198,
              22.1659499
            ],
            [
              113.5778977,
              22.1659203
            ],
            [
              113.5778663,
              22.1660284
            ],
            [
              113.5779428,
              22.1663179
            ],
            [
              113.5781212,
              22.1663632
            ],
            [
              113.5781088,
              22.1664279
            ],
            [
              113.5782413,
              22.1664602
            ],
            [
              113.5782068,
              22.166579
            ],
            [
              113.5780732,
              22.1665476
            ],
            [
              113.5780427,
              22.1666534
            ],
            [
              113.5781189,
              22.1669493
            ],
            [
              113.578293,
              22.166988
            ],
            [
              113.578275,
              22.1670551
            ],
            [
              113.5784094,
              22.1670848
            ],
            [
              113.5783772,
              22.1672088
            ],
            [
              113.5782483,
              22.1671846
            ],
            [
              113.5782134,
              22.1672814
            ],
            [
              113.578296,
              22.1675743
            ],
            [
              113.5782726,
              22.1676057
            ],
            [
              113.577715,
              22.1677465
            ],
            [
              113.5770508,
              22.1678901
            ],
            [
              113.5769711,
              22.1675869
            ],
            [
              113.5768758,
              22.1675101
            ],
            [
              113.5767855,
              22.1675907
            ],
            [
              113.5766924,
              22.167504
            ],
            [
              113.5767828,
              22.1674254
            ],
            [
              113.5767304,
              22.1673772
            ],
            [
              113.5768673,
              22.1672497
            ],
            [
              113.5767877,
              22.1669651
            ],
            [
              113.5767065,
              22.1668811
            ],
            [
              113.5766078,
              22.1669752
            ],
            [
              113.5765114,
              22.166883
            ],
            [
              113.5766101,
              22.1667889
            ],
            [
              113.5765655,
              22.166744
            ],
            [
              113.5766998,
              22.1666191
            ],
            [
              113.57663,
              22.1663366
            ],
            [
              113.5765437,
              22.1662492
            ],
            [
              113.5764315,
              22.166345
            ],
            [
              113.5763833,
              22.1662989
            ],
            [
              113.5763343,
              22.1662521
            ],
            [
              113.5764386,
              22.1661612
            ],
            [
              113.5763931,
              22.1661102
            ],
            [
              113.5765252,
              22.165995
            ],
            [
              113.5764488,
              22.1656994
            ],
            [
              113.5763573,
              22.1656205
            ],
            [
              113.5762534,
              22.1657149
            ],
            [
              113.5761563,
              22.165622
            ],
            [
              113.5762637,
              22.165539
            ],
            [
              113.5762125,
              22.1654878
            ],
            [
              113.5763487,
              22.165361
            ],
            [
              113.5762083,
              22.1648129
            ],
            [
              113.5761573,
              22.1648222
            ],
            [
              113.5761338,
              22.1648488
            ],
            [
              113.5760531,
              22.1648658
            ],
            [
              113.5760465,
              22.1648518
            ],
            [
              113.5754838,
              22.1649879
            ],
            [
              113.5754609,
              22.1650093
            ],
            [
              113.5753708,
              22.1650311
            ],
            [
              113.5753621,
              22.165015
            ],
            [
              113.5748383,
              22.1651413
            ],
            [
              113.574842,
              22.1651566
            ],
            [
              113.5747505,
              22.1651775
            ],
            [
              113.5747459,
              22.1651631
            ],
            [
              113.5744828,
              22.1652255
            ],
            [
              113.5747391,
              22.1661356
            ],
            [
              113.5744408,
              22.1662071
            ],
            [
              113.5741927,
              22.1652942
            ],
            [
              113.5741527,
              22.1653057
            ],
            [
              113.5741555,
              22.1653186
            ],
            [
              113.5740732,
              22.1653404
            ],
            [
              113.5740692,
              22.1653249
            ],
            [
              113.5736318,
              22.1654289
            ],
            [
              113.5736363,
              22.1654458
            ],
            [
              113.5735488,
              22.1654649
            ],
            [
              113.573545,
              22.1654513
            ],
            [
              113.5734928,
              22.1654624
            ],
            [
              113.5738762,
              22.1668503
            ],
            [
              113.5738461,
              22.1668554
            ],
            [
              113.5738615,
              22.1669412
            ],
            [
              113.5736489,
              22.1669859
            ],
            [
              113.5737282,
              22.1671352
            ],
            [
              113.575713,
              22.1700813
            ],
            [
              113.5757819,
              22.1702157
            ],
            [
              113.5757987,
              22.17028
            ],
            [
              113.5758172,
              22.1703532
            ],
            [
              113.5758268,
              22.1704986
            ],
            [
              113.5758061,
              22.1706156
            ],
            [
              113.5757618,
              22.1707196
            ],
            [
              113.5756829,
              22.1708391
            ],
            [
              113.575588,
              22.1709102
            ],
            [
              113.5748407,
              22.1713158
            ],
            [
              113.5747924,
              22.1712512
            ],
            [
              113.5753986,
              22.1709208
            ],
            [
              113.5750311,
              22.1703719
            ],
            [
              113.5746315,
              22.1705855
            ],
            [
              113.5745872,
              22.1705197
            ],
            [
              113.5750419,
              22.1702772
            ],
            [
              113.5744732,
              22.1693407
            ],
            [
              113.5734012,
              22.1696685
            ],
            [
              113.5731144,
              22.1697013
            ],
            [
              113.5728125,
              22.1697825
            ],
            [
              113.5727191,
              22.1697788
            ],
            [
              113.5726388,
              22.1697315
            ],
            [
              113.5725906,
              22.1696593
            ],
            [
              113.5725608,
              22.169558
            ],
            [
              113.5720309,
              22.167409
            ],
            [
              113.571904,
              22.1673445
            ],
            [
              113.5690382,
              22.1692544
            ],
            [
              113.5645947,
              22.1707212
            ],
            [
              113.5643311,
              22.1684883
            ],
            [
              113.5643251,
              22.1682628
            ],
            [
              113.5643515,
              22.1681297
            ],
            [
              113.5643962,
              22.1679815
            ],
            [
              113.5644655,
              22.1678565
            ],
            [
              113.5645553,
              22.167736
            ],
            [
              113.5646814,
              22.1676043
            ],
            [
              113.5648427,
              22.1674958
            ],
            [
              113.5650516,
              22.1674093
            ],
            [
              113.5664903,
              22.167073
            ],
            [
              113.5659238,
              22.1650212
            ],
            [
              113.5658965,
              22.1650235
            ],
            [
              113.5658584,
              22.1649185
            ],
            [
              113.5658402,
              22.1648683
            ],
            [
              113.5645966,
              22.1651549
            ],
            [
              113.564563,
              22.1652273
            ],
            [
              113.5640006,
              22.1653951
            ],
            [
              113.5638752,
              22.1654068
            ],
            [
              113.5637202,
              22.1653925
            ],
            [
              113.563598,
              22.1653571
            ],
            [
              113.563523,
              22.1653209
            ],
            [
              113.5633942,
              22.1652749
            ],
            [
              113.5633242,
              22.1652453
            ],
            [
              113.563005,
              22.1651996
            ],
            [
              113.5628047,
              22.1651736
            ],
            [
              113.562632,
              22.1651639
            ],
            [
              113.5622216,
              22.1651515
            ],
            [
              113.5616654,
              22.1651841
            ],
            [
              113.5611483,
              22.1652334
            ],
            [
              113.5607245,
              22.1652977
            ],
            [
              113.5605122,
              22.1653362
            ],
            [
              113.5603287,
              22.1653779
            ],
            [
              113.560157,
              22.1654271
            ],
            [
              113.5600219,
              22.1655976
            ],
            [
              113.5599038,
              22.165577
            ],
            [
              113.5597856,
              22.1655564
            ],
            [
              113.5591748,
              22.1657177
            ],
            [
              113.5586174,
              22.1658505
            ],
            [
              113.5584443,
              22.1659521
            ],
            [
              113.5583612,
              22.1659764
            ],
            [
              113.5581185,
              22.1660052
            ],
            [
              113.5577898,
              22.1660078
            ],
            [
              113.5575412,
              22.1660261
            ],
            [
              113.5574535,
              22.1660341
            ],
            [
              113.5573473,
              22.1660739
            ],
            [
              113.5571226,
              22.1661738
            ],
            [
              113.557045,
              22.1662157
            ],
            [
              113.5570022,
              22.1662596
            ],
            [
              113.5569833,
              22.1662878
            ],
            [
              113.5569363,
              22.1665041
            ],
            [
              113.55691,
              22.1665354
            ],
            [
              113.5568711,
              22.1665582
            ],
            [
              113.5568332,
              22.1665606
            ],
            [
              113.5567893,
              22.1665328
            ],
            [
              113.5567641,
              22.1664949
            ],
            [
              113.5567249,
              22.1663351
            ],
            [
              113.5567014,
              22.1662693
            ],
            [
              113.5566737,
              22.16624
            ],
            [
              113.5566392,
              22.1662082
            ],
            [
              113.5566015,
              22.1661871
            ],
            [
              113.5565249,
              22.1661662
            ],
            [
              113.5563777,
              22.1661442
            ],
            [
              113.5563017,
              22.166116
            ],
            [
              113.5562015,
              22.1660432
            ],
            [
              113.5561557,
              22.1659873
            ],
            [
              113.5561225,
              22.1659187
            ],
            [
              113.5559163,
              22.1657551
            ],
            [
              113.5559193,
              22.1657116
            ],
            [
              113.5558462,
              22.1656674
            ],
            [
              113.555769,
              22.1656465
            ],
            [
              113.5556809,
              22.1656394
            ],
            [
              113.5555995,
              22.1656372
            ],
            [
              113.5553232,
              22.1656475
            ],
            [
              113.5551577,
              22.1656331
            ],
            [
              113.5549515,
              22.1656056
            ],
            [
              113.5548192,
              22.1655935
            ],
            [
              113.5546838,
              22.1656063
            ],
            [
              113.5545063,
              22.1656423
            ],
            [
              113.5538615,
              22.1658568
            ],
            [
              113.5535311,
              22.1658873
            ],
            [
              113.5534195,
              22.1659135
            ],
            [
              113.5533751,
              22.1659411
            ],
            [
              113.5533194,
              22.1659627
            ],
            [
              113.5532599,
              22.1659671
            ],
            [
              113.5526328,
              22.1659793
            ],
            [
              113.5522023,
              22.1659719
            ],
            [
              113.5520363,
              22.1659574
            ],
            [
              113.5517627,
              22.1659281
            ],
            [
              113.5515498,
              22.1658844
            ],
            [
              113.5510997,
              22.1657487
            ],
            [
              113.5509287,
              22.1656895
            ],
            [
              113.5506429,
              22.1655767
            ],
            [
              113.5500201,
              22.1652754
            ],
            [
              113.5496187,
              22.1651139
            ],
            [
              113.5494946,
              22.165073
            ],
            [
              113.5493429,
              22.1650394
            ],
            [
              113.5492427,
              22.1650134
            ],
            [
              113.5491803,
              22.165048
            ],
            [
              113.5488001,
              22.1652049
            ],
            [
              113.5487606,
              22.1653001
            ],
            [
              113.5487023,
              22.165323
            ],
            [
              113.5486504,
              22.1653153
            ],
            [
              113.5486118,
              22.1653047
            ],
            [
              113.548583,
              22.1652242
            ],
            [
              113.5485509,
              22.1651685
            ],
            [
              113.5485117,
              22.1651039
            ],
            [
              113.5484717,
              22.1650253
            ],
            [
              113.5484409,
              22.1649563
            ],
            [
              113.5484313,
              22.1648977
            ],
            [
              113.5483992,
              22.1648654
            ],
            [
              113.5483542,
              22.16483
            ],
            [
              113.5483063,
              22.1648015
            ],
            [
              113.548242,
              22.1647889
            ],
            [
              113.5478199,
              22.16473
            ],
            [
              113.5466796,
              22.1645541
            ],
            [
              113.5459341,
              22.1643923
            ],
            [
              113.54588,
              22.1644012
            ],
            [
              113.5458339,
              22.1644036
            ],
            [
              113.5457706,
              22.1643948
            ],
            [
              113.5457264,
              22.1643786
            ],
            [
              113.5456917,
              22.1643604
            ],
            [
              113.5456506,
              22.1643316
            ],
            [
              113.5454442,
              22.1642907
            ],
            [
              113.5447499,
              22.1642984
            ],
            [
              113.544046,
              22.1642766
            ],
            [
              113.543992,
              22.1642976
            ],
            [
              113.5439564,
              22.1643096
            ],
            [
              113.5438949,
              22.1643195
            ],
            [
              113.543839,
              22.1643152
            ],
            [
              113.5437904,
              22.1642982
            ],
            [
              113.5437552,
              22.1642727
            ],
            [
              113.5437282,
              22.1642444
            ],
            [
              113.5431636,
              22.1641645
            ],
            [
              113.5430489,
              22.1641303
            ],
            [
              113.5429088,
              22.1640752
            ],
            [
              113.5428013,
              22.1640213
            ],
            [
              113.5424474,
              22.1638269
            ],
            [
              113.5422673,
              22.1636938
            ],
            [
              113.5420983,
              22.1635549
            ],
            [
              113.5419513,
              22.1635372
            ],
            [
              113.5417914,
              22.1635484
            ],
            [
              113.5415089,
              22.1636067
            ],
            [
              113.5412496,
              22.163708
            ],
            [
              113.5409594,
              22.1638698
            ],
            [
              113.5408172,
              22.1639708
            ],
            [
              113.5407429,
              22.1640482
            ],
            [
              113.5405821,
              22.1644844
            ],
            [
              113.5403845,
              22.1650684
            ],
            [
              113.5398347,
              22.1661042
            ],
            [
              113.5396519,
              22.1662739
            ],
            [
              113.5394111,
              22.1662831
            ],
            [
              113.5389479,
              22.1660575
            ],
            [
              113.53885,
              22.1657729
            ],
            [
              113.5389638,
              22.1655396
            ],
            [
              113.5393323,
              22.1639986
            ],
            [
              113.5394651,
              22.1632737
            ],
            [
              113.5395482,
              22.1624721
            ],
            [
              113.5396488,
              22.1616946
            ],
            [
              113.5398236,
              22.1608953
            ],
            [
              113.5398486,
              22.1607807
            ],
            [
              113.5400208,
              22.1601542
            ],
            [
              113.541565,
              22.1556572
            ],
            [
              113.5415851,
              22.1556095
            ],
            [
              113.5417339,
              22.1552565
            ],
            [
              113.5420397,
              22.1548745
            ],
            [
              113.5424546,
              22.1544715
            ],
            [
              113.5426524,
              22.1543257
            ],
            [
              113.5456207,
              22.1521467
            ],
            [
              113.545804,
              22.1520577
            ],
            [
              113.5458282,
              22.1520527
            ],
            [
              113.5458523,
              22.1520552
            ],
            [
              113.5458966,
              22.1520564
            ],
            [
              113.5459274,
              22.1520539
            ],
            [
              113.5459556,
              22.1520378
            ],
            [
              113.545981,
              22.1520129
            ],
            [
              113.5459904,
              22.1519881
            ],
            [
              113.5459891,
              22.151962
            ],
            [
              113.5459945,
              22.1519297
            ],
            [
              113.5460965,
              22.1517577
            ],
            [
              113.5487994,
              22.1486714
            ],
            [
              113.5488822,
              22.1486156
            ],
            [
              113.5489569,
              22.1485946
            ],
            [
              113.5490176,
              22.1485978
            ],
            [
              113.5491113,
              22.1486235
            ],
            [
              113.5491844,
              22.148663
            ],
            [
              113.5492455,
              22.1487101
            ],
            [
              113.5492838,
              22.148766
            ],
            [
              113.5492993,
              22.1488367
            ],
            [
              113.5493078,
              22.1488799
            ],
            [
              113.5493077,
              22.1489352
            ],
            [
              113.549281,
              22.1489931
            ],
            [
              113.5492563,
              22.1490354
            ],
            [
              113.5491114,
              22.1491915
            ],
            [
              113.5484928,
              22.1500073
            ],
            [
              113.5476821,
              22.150881
            ],
            [
              113.5476755,
              22.1509118
            ],
            [
              113.5476956,
              22.1509417
            ],
            [
              113.5479546,
              22.1511679
            ],
            [
              113.5480449,
              22.1511838
            ],
            [
              113.5500629,
              22.1511733
            ],
            [
              113.5500633,
              22.1510925
            ],
            [
              113.5500776,
              22.1481115
            ],
            [
              113.5495043,
              22.1481131
            ],
            [
              113.5494957,
              22.1481249
            ],
            [
              113.5493453,
              22.1483313
            ],
            [
              113.5493369,
              22.1483406
            ],
            [
              113.5493201,
              22.1483428
            ],
            [
              113.5493085,
              22.1483387
            ],
            [
              113.5492042,
              22.1482897
            ],
            [
              113.5492015,
              22.1482821
            ],
            [
              113.5491975,
              22.1482711
            ],
            [
              113.5492002,
              22.1482547
            ],
            [
              113.5492711,
              22.1481566
            ],
            [
              113.5495269,
              22.1477724
            ],
            [
              113.549639,
              22.1477636
            ],
            [
              113.5497127,
              22.1475686
            ],
            [
              113.5498275,
              22.147268
            ],
            [
              113.5501882,
              22.1468021
            ],
            [
              113.5509005,
              22.1458684
            ],
            [
              113.5509234,
              22.1457662
            ],
            [
              113.5510056,
              22.1456637
            ],
            [
              113.5511103,
              22.1455978
            ],
            [
              113.5513657,
              22.1452522
            ],
            [
              113.5513645,
              22.1451861
            ],
            [
              113.5514494,
              22.1450672
            ],
            [
              113.5515401,
              22.145024
            ],
            [
              113.5516918,
              22.1448214
            ],
            [
              113.551923,
              22.144975
            ],
            [
              113.5521744,
              22.1450667
            ],
            [
              113.552442,
              22.145102
            ],
            [
              113.5526857,
              22.1450994
            ],
            [
              113.5527998,
              22.1452229
            ],
            [
              113.5529066,
              22.1452348
            ],
            [
              113.5530044,
              22.1452762
            ],
            [
              113.5530841,
              22.145343
            ],
            [
              113.5531381,
              22.1454291
            ],
            [
              113.5531614,
              22.1455263
            ],
            [
              113.5531517,
              22.1456255
            ],
            [
              113.5531101,
              22.1457173
            ],
            [
              113.5530403,
              22.1457931
            ],
            [
              113.552949,
              22.1458457
            ],
            [
              113.5528448,
              22.1458702
            ],
            [
              113.5527375,
              22.1458642
            ],
            [
              113.5526372,
              22.1458284
            ],
            [
              113.5525712,
              22.1462794
            ],
            [
              113.5524651,
              22.1470051
            ],
            [
              113.5523799,
              22.1474392
            ],
            [
              113.5521956,
              22.1480322
            ],
            [
              113.5519562,
              22.1485778
            ],
            [
              113.5517168,
              22.1489456
            ],
            [
              113.551447,
              22.1493099
            ],
            [
              113.5512228,
              22.1497041
            ],
            [
              113.5510176,
              22.1502074
            ],
            [
              113.5509074,
              22.1506826
            ],
            [
              113.5508276,
              22.1512387
            ],
            [
              113.5508276,
              22.1513972
            ],
            [
              113.5508276,
              22.1516752
            ],
            [
              113.5508707,
              22.1518954
            ],
            [
              113.5509796,
              22.1524512
            ],
            [
              113.5512494,
              22.1524882
            ],
            [
              113.5528094,
              22.1518283
            ],
            [
              113.5531531,
              22.1516705
            ],
            [
              113.5538677,
              22.1513425
            ],
            [
              113.5554885,
              22.1506368
            ],
            [
              113.5576626,
              22.1500865
            ],
            [
              113.5598918,
              22.1500489
            ],
            [
              113.5608506,
              22.150203
            ],
            [
              113.5633496,
              22.1509422
            ],
            [
              113.5633684,
              22.1508775
            ],
            [
              113.5634006,
              22.1507954
            ],
            [
              113.5634679,
              22.1506986
            ],
            [
              113.5635838,
              22.1505992
            ],
            [
              113.5636626,
              22.1505467
            ],
            [
              113.5637997,
              22.1504996
            ],
            [
              113.5639195,
              22.1504833
            ],
            [
              113.564045,
              22.1504944
            ],
            [
              113.5642019,
              22.1505332
            ],
            [
              113.564332,
              22.1506041
            ],
            [
              113.5644118,
              22.1506931
            ],
            [
              113.5647286,
              22.1504839
            ],
            [
              113.5655144,
              22.1502963
            ],
            [
              113.5662816,
              22.1502354
            ],
            [
              113.5670273,
              22.1502976
            ],
            [
              113.5676735,
              22.1504544
            ],
            [
              113.568313,
              22.1506485
            ],
            [
              113.568661,
              22.150274
            ],
            [
              113.5687175,
              22.1503013
            ],
            [
              113.5688115,
              22.1503399
            ],
            [
              113.5688948,
              22.1503424
            ],
            [
              113.5689996,
              22.1503175
            ],
            [
              113.5691057,
              22.1502528
            ],
            [
              113.5691649,
              22.1501819
            ],
            [
              113.5714785,
              22.1513504
            ],
            [
              113.5708778,
              22.1522632
            ],
            [
              113.5710616,
              22.1523376
            ],
            [
              113.575556,
              22.1542885
            ],
            [
              113.5766367,
              22.1552071
            ],
            [
              113.5766518,
              22.1553386
            ],
            [
              113.5766004,
              22.1553861
            ],
            [
              113.576744,
              22.1554431
            ]
          ]
        ]
      },
      "id": "relation/19584442"
    },
    {
      "type": "Feature",
      "properties": {
        "@id": "way/386766618",
        "admin_level": "3",
        "boundary": "administrative",
        "maritime": "yes",
        "name": "內港段 Segmento do Porto Interior",
        "name:pt": "Segmento do Porto Interior",
        "name:zh": "內港段",
        "name:zh-Hans": "内港段",
        "name:zh-Hant": "內港段",
        "@relations": [
          {
            "role": "outer",
            "rel": 9506158,
            "reltags": {
              "admin_level": "5",
              "boundary": "historic",
              "end_date": "1999-12-20",
              "name": "澳門 Macau",
              "name:ar": "ماكاو",
              "name:de": "Concelho de Macau",
              "name:en": "Municipality of Macau",
              "name:eo": "Makao",
              "name:es": "Macao",
              "name:fa": "ماکائو",
              "name:fr": "Municipalité de Macao",
              "name:hu": "Makaó",
              "name:it": "Consiglio di Macao",
              "name:ja": "澳門市",
              "name:ko": "마카오시",
              "name:lzh": "澳門",
              "name:nan": "Ò-mn̂g",
              "name:nan-Hant": "澳門",
              "name:nan-Latn-pehoeji": "Ò-mn̂g",
              "name:nan-Latn-tailo": "Ò-mn̂g",
              "name:nl": "Macau",
              "name:pl": "Makau",
              "name:pt": "Macau",
              "name:ru": "Макао",
              "name:sk": "Macao",
              "name:ur": "مکاؤ",
              "name:vi": "Ma Cao",
              "name:zh": "澳門市",
              "name:zh-Hans": "澳门",
              "name:zh-Hant": "澳門",
              "name:zh-Latn-pinyin": "Àomén-shì",
              "official_name:ar": "بلدية ماكاو",
              "official_name:ur": "بلدیہ مکاؤ",
              "type": "boundary",
              "wikidata": "Q841086",
              "wikipedia": "zh:澳門市"
            }
          }
        ]
      },
      "geometry": {
        "type": "LineString",
        "coordinates": [
          [
            113.5341978,
            22.1967588
          ],
          [
            113.533611,
            22.1945
          ],
          [
            113.529222,
            22.1885277
          ],
          [
            113.5301944,
            22.1879165
          ],
          [
            113.5291666,
            22.1865555
          ],
          [
            113.5283611,
            22.1845
          ],
          [
            113.5282302,
            22.1829841
          ]
        ]
      },
      "id": "way/386766618"
    },
    {
      "type": "Feature",
      "properties": {
        "@id": "way/386766624",
        "admin_level": "3",
        "boundary": "administrative",
        "name": "關閘澳門邊檢大樓段 Segmento do Posto Fronteiriço das Portas do Cerco de Macau",
        "name:pt": "Segmento do Posto Fronteiriço das Portas do Cerco de Macau",
        "name:zh": "關閘澳門邊檢大樓段",
        "name:zh-Hans": "关闸澳门边检大楼段",
        "name:zh-Hant": "關閘澳門邊檢大樓段",
        "@relations": [
          {
            "role": "outer",
            "rel": 9506158,
            "reltags": {
              "admin_level": "5",
              "boundary": "historic",
              "end_date": "1999-12-20",
              "name": "澳門 Macau",
              "name:ar": "ماكاو",
              "name:de": "Concelho de Macau",
              "name:en": "Municipality of Macau",
              "name:eo": "Makao",
              "name:es": "Macao",
              "name:fa": "ماکائو",
              "name:fr": "Municipalité de Macao",
              "name:hu": "Makaó",
              "name:it": "Consiglio di Macao",
              "name:ja": "澳門市",
              "name:ko": "마카오시",
              "name:lzh": "澳門",
              "name:nan": "Ò-mn̂g",
              "name:nan-Hant": "澳門",
              "name:nan-Latn-pehoeji": "Ò-mn̂g",
              "name:nan-Latn-tailo": "Ò-mn̂g",
              "name:nl": "Macau",
              "name:pl": "Makau",
              "name:pt": "Macau",
              "name:ru": "Макао",
              "name:sk": "Macao",
              "name:ur": "مکاؤ",
              "name:vi": "Ma Cao",
              "name:zh": "澳門市",
              "name:zh-Hans": "澳门",
              "name:zh-Hant": "澳門",
              "name:zh-Latn-pinyin": "Àomén-shì",
              "official_name:ar": "بلدية ماكاو",
              "official_name:ur": "بلدیہ مکاؤ",
              "type": "boundary",
              "wikidata": "Q841086",
              "wikipedia": "zh:澳門市"
            }
          }
        ]
      },
      "geometry": {
        "type": "LineString",
        "coordinates": [
          [
            113.551584,
            22.2157686
          ],
          [
            113.550954,
            22.2159959
          ],
          [
            113.5507712,
            22.2160562
          ],
          [
            113.5508822,
            22.2170485
          ],
          [
            113.5507051,
            22.2170253
          ],
          [
            113.5500028,
            22.2169333
          ],
          [
            113.5496528,
            22.2167333
          ],
          [
            113.5494174,
            22.2166555
          ],
          [
            113.5492,
            22.2166139
          ],
          [
            113.5490447,
            22.2166031
          ],
          [
            113.5488547,
            22.2165981
          ],
          [
            113.5486547,
            22.2166269
          ],
          [
            113.5483361,
            22.2167333
          ],
          [
            113.5477167,
            22.2166583
          ],
          [
            113.5476278,
            22.2165583
          ]
        ]
      },
      "id": "way/386766624"
    },
    {
      "type": "Feature",
      "properties": {
        "@id": "way/386766625",
        "admin_level": "3",
        "boundary": "administrative",
        "name": "鴨涌河段 Segmento do Canal dos Patos",
        "name:pt": "Segmento do Canal dos Patos",
        "name:zh": "鴨涌河段",
        "name:zh-Hans": "鸭涌河段",
        "name:zh-Hant": "鴨涌河段",
        "@relations": [
          {
            "role": "outer",
            "rel": 9506158,
            "reltags": {
              "admin_level": "5",
              "boundary": "historic",
              "end_date": "1999-12-20",
              "name": "澳門 Macau",
              "name:ar": "ماكاو",
              "name:de": "Concelho de Macau",
              "name:en": "Municipality of Macau",
              "name:eo": "Makao",
              "name:es": "Macao",
              "name:fa": "ماکائو",
              "name:fr": "Municipalité de Macao",
              "name:hu": "Makaó",
              "name:it": "Consiglio di Macao",
              "name:ja": "澳門市",
              "name:ko": "마카오시",
              "name:lzh": "澳門",
              "name:nan": "Ò-mn̂g",
              "name:nan-Hant": "澳門",
              "name:nan-Latn-pehoeji": "Ò-mn̂g",
              "name:nan-Latn-tailo": "Ò-mn̂g",
              "name:nl": "Macau",
              "name:pl": "Makau",
              "name:pt": "Macau",
              "name:ru": "Макао",
              "name:sk": "Macao",
              "name:ur": "مکاؤ",
              "name:vi": "Ma Cao",
              "name:zh": "澳門市",
              "name:zh-Hans": "澳门",
              "name:zh-Hant": "澳門",
              "name:zh-Latn-pinyin": "Àomén-shì",
              "official_name:ar": "بلدية ماكاو",
              "official_name:ur": "بلدیہ مکاؤ",
              "type": "boundary",
              "wikidata": "Q841086",
              "wikipedia": "zh:澳門市"
            }
          }
        ]
      },
      "geometry": {
        "type": "LineString",
        "coordinates": [
          [
            113.5476278,
            22.2165583
          ],
          [
            113.5470388,
            22.2167805
          ],
          [
            113.5465666,
            22.2167833
          ],
          [
            113.5465055,
            22.2167972
          ],
          [
            113.5454777,
            22.2168111
          ],
          [
            113.5451888,
            22.2169222
          ],
          [
            113.5443555,
            22.2169527
          ],
          [
            113.5433916,
            22.2163138
          ],
          [
            113.5424638,
            22.2144333
          ],
          [
            113.5424083,
            22.2142861
          ],
          [
            113.5420138,
            22.2136944
          ],
          [
            113.5419555,
            22.2136722
          ],
          [
            113.5417166,
            22.2132333
          ],
          [
            113.5415861,
            22.2132986
          ],
          [
            113.5415333,
            22.213325
          ],
          [
            113.5414771,
            22.2132588
          ],
          [
            113.5413305,
            22.2130861
          ],
          [
            113.5412642,
            22.213056
          ],
          [
            113.5411979,
            22.2130259
          ],
          [
            113.5409,
            22.2130333
          ],
          [
            113.5381416,
            22.2136417
          ],
          [
            113.5363333,
            22.2136361
          ],
          [
            113.5359971,
            22.2136153
          ],
          [
            113.5357055,
            22.2135583
          ],
          [
            113.5354388,
            22.213475
          ],
          [
            113.5351943,
            22.2134317
          ],
          [
            113.5345671,
            22.2131976
          ],
          [
            113.5330833,
            22.2123056
          ]
        ]
      },
      "id": "way/386766625"
    },
    {
      "type": "Feature",
      "properties": {
        "@id": "way/386893933",
        "admin_level": "6",
        "boundary": "administrative",
        "@relations": [
          {
            "role": "outer",
            "rel": 5758869,
            "reltags": {
              "admin_level": "5",
              "boundary": "administrative",
              "name": "路環 Coloane",
              "name:cs": "Coloane",
              "name:de": "Coloane",
              "name:en": "Coloane",
              "name:es": "Coloane",
              "name:fa": "کولوان",
              "name:fr": "Coloane",
              "name:id": "Pulau Coloane",
              "name:it": "Coloane",
              "name:ja": "コロアネ",
              "name:ko": "콜로아느섬",
              "name:nl": "Coloane",
              "name:no": "Coloane",
              "name:pl": "Coloane",
              "name:pt": "Coloane",
              "name:ru": "Колоане",
              "name:sv": "Coloane",
              "name:th": "โกโลอานี",
              "name:ur": "کولوان",
              "name:vi": "Lộ Hoàn",
              "name:zh": "路環",
              "name:zh-Hans": "路环",
              "name:zh-Hant": "路環",
              "population": "4262",
              "type": "boundary",
              "wikidata": "Q1022920",
              "wikipedia": "zh:路環"
            }
          }
        ]
      },
      "geometry": {
        "type": "LineString",
        "coordinates": [
          [
            113.5514487,
            22.1282965
          ],
          [
            113.5588993,
            22.1301237
          ],
          [
            113.5594263,
            22.1312311
          ],
          [
            113.5595027,
            22.1313273
          ],
          [
            113.5595745,
            22.1313754
          ],
          [
            113.5596858,
            22.1314037
          ],
          [
            113.5627588,
            22.1312797
          ],
          [
            113.5629809,
            22.1315216
          ],
          [
            113.5630649,
            22.1319601
          ],
          [
            113.5632237,
            22.1352361
          ],
          [
            113.5666475,
            22.1350975
          ],
          [
            113.567418,
            22.135151
          ],
          [
            113.5674634,
            22.1352336
          ],
          [
            113.5675702,
            22.1352797
          ],
          [
            113.5676872,
            22.1352863
          ],
          [
            113.5677911,
            22.1352922
          ],
          [
            113.568014,
            22.1353364
          ],
          [
            113.5680754,
            22.1353954
          ],
          [
            113.568171,
            22.1354713
          ],
          [
            113.5682619,
            22.1354987
          ],
          [
            113.5686036,
            22.1355697
          ],
          [
            113.5687259,
            22.135668
          ],
          [
            113.5687902,
            22.1357962
          ],
          [
            113.5688578,
            22.1358647
          ],
          [
            113.5691956,
            22.1359928
          ],
          [
            113.5694079,
            22.1361448
          ],
          [
            113.5695752,
            22.1361836
          ],
          [
            113.5697521,
            22.1362074
          ],
          [
            113.5698647,
            22.1363385
          ],
          [
            113.5699741,
            22.1364786
          ],
          [
            113.5702926,
            22.1367766
          ],
          [
            113.5703601,
            22.1369047
          ],
          [
            113.5705242,
            22.1370507
          ],
          [
            113.5706111,
            22.1371729
          ],
          [
            113.5709585,
            22.1374053
          ],
          [
            113.5711998,
            22.1375752
          ],
          [
            113.5714057,
            22.1377749
          ],
          [
            113.5715119,
            22.1379119
          ],
          [
            113.5715535,
            22.1379376
          ],
          [
            113.5716277,
            22.1379834
          ],
          [
            113.5718593,
            22.1380311
          ],
          [
            113.571988,
            22.1379358
          ],
          [
            113.5721295,
            22.1378672
          ],
          [
            113.5723065,
            22.1378493
          ],
          [
            113.5723676,
            22.1379179
          ],
          [
            113.5725703,
            22.1379149
          ],
          [
            113.572818,
            22.1379417
          ],
          [
            113.5730046,
            22.1379924
          ],
          [
            113.5731751,
            22.1379834
          ],
          [
            113.5744233,
            22.1378255
          ],
          [
            113.5748141,
            22.137944
          ],
          [
            113.5748823,
            22.1380367
          ],
          [
            113.5750188,
            22.1380957
          ],
          [
            113.5751543,
            22.13811
          ],
          [
            113.575219,
            22.1381168
          ],
          [
            113.5754419,
            22.1381126
          ],
          [
            113.5756557,
            22.1381168
          ],
          [
            113.575815,
            22.1381884
          ],
          [
            113.5759585,
            22.1382166
          ],
          [
            113.576188,
            22.1381884
          ],
          [
            113.5763196,
            22.1381193
          ],
          [
            113.576343,
            22.1380215
          ],
          [
            113.5764202,
            22.137845
          ],
          [
            113.5769947,
            22.1381369
          ],
          [
            113.5770301,
            22.138161
          ]
        ]
      },
      "id": "way/386893933"
    },
    {
      "type": "Feature",
      "properties": {
        "@id": "way/386893934",
        "admin_level": "6",
        "boundary": "administrative",
        "@relations": [
          {
            "role": "outer",
            "rel": 19584442,
            "reltags": {
              "name": "氹仔 Taipa",
              "name:ar": "تايبا",
              "name:en": "Taipa",
              "name:ja": "タイパ",
              "name:ml": "തായ്പ",
              "name:pt": "Taipa",
              "name:ru": "Тайпа",
              "name:zh": "氹仔",
              "name:zh-Hans": "氹仔",
              "name:zh-Hant": "氹仔",
              "place": "island",
              "type": "multipolygon",
              "wikidata": "Q1073822",
              "wikipedia": "zh:氹仔"
            }
          }
        ]
      },
      "geometry": {
        "type": "LineString",
        "coordinates": [
          [
            113.576744,
            22.1554431
          ],
          [
            113.5766004,
            22.1553861
          ],
          [
            113.5766518,
            22.1553386
          ],
          [
            113.5766367,
            22.1552071
          ],
          [
            113.575556,
            22.1542885
          ],
          [
            113.5710616,
            22.1523376
          ],
          [
            113.5708778,
            22.1522632
          ],
          [
            113.5714785,
            22.1513504
          ],
          [
            113.5691649,
            22.1501819
          ],
          [
            113.5691057,
            22.1502528
          ],
          [
            113.5689996,
            22.1503175
          ],
          [
            113.5688948,
            22.1503424
          ],
          [
            113.5688115,
            22.1503399
          ],
          [
            113.5687175,
            22.1503013
          ],
          [
            113.568661,
            22.150274
          ],
          [
            113.568313,
            22.1506485
          ],
          [
            113.5676735,
            22.1504544
          ],
          [
            113.5670273,
            22.1502976
          ],
          [
            113.5662816,
            22.1502354
          ],
          [
            113.5655144,
            22.1502963
          ],
          [
            113.5647286,
            22.1504839
          ],
          [
            113.5644118,
            22.1506931
          ],
          [
            113.564332,
            22.1506041
          ],
          [
            113.5642019,
            22.1505332
          ],
          [
            113.564045,
            22.1504944
          ],
          [
            113.5639195,
            22.1504833
          ],
          [
            113.5637997,
            22.1504996
          ],
          [
            113.5636626,
            22.1505467
          ],
          [
            113.5635838,
            22.1505992
          ],
          [
            113.5634679,
            22.1506986
          ],
          [
            113.5634006,
            22.1507954
          ],
          [
            113.5633684,
            22.1508775
          ],
          [
            113.5633496,
            22.1509422
          ],
          [
            113.5608506,
            22.150203
          ],
          [
            113.5598918,
            22.1500489
          ],
          [
            113.5576626,
            22.1500865
          ],
          [
            113.5554885,
            22.1506368
          ],
          [
            113.5538677,
            22.1513425
          ],
          [
            113.5531531,
            22.1516705
          ],
          [
            113.5528094,
            22.1518283
          ],
          [
            113.5512494,
            22.1524882
          ],
          [
            113.5509796,
            22.1524512
          ],
          [
            113.5508707,
            22.1518954
          ],
          [
            113.5508276,
            22.1516752
          ],
          [
            113.5508276,
            22.1513972
          ],
          [
            113.5508276,
            22.1512387
          ],
          [
            113.5509074,
            22.1506826
          ],
          [
            113.5510176,
            22.1502074
          ],
          [
            113.5512228,
            22.1497041
          ],
          [
            113.551447,
            22.1493099
          ],
          [
            113.5517168,
            22.1489456
          ],
          [
            113.5519562,
            22.1485778
          ],
          [
            113.5521956,
            22.1480322
          ],
          [
            113.5523799,
            22.1474392
          ],
          [
            113.5524651,
            22.1470051
          ],
          [
            113.5525712,
            22.1462794
          ],
          [
            113.5526372,
            22.1458284
          ],
          [
            113.5527375,
            22.1458642
          ],
          [
            113.5528448,
            22.1458702
          ],
          [
            113.552949,
            22.1458457
          ],
          [
            113.5530403,
            22.1457931
          ],
          [
            113.5531101,
            22.1457173
          ],
          [
            113.5531517,
            22.1456255
          ],
          [
            113.5531614,
            22.1455263
          ],
          [
            113.5531381,
            22.1454291
          ],
          [
            113.5530841,
            22.145343
          ],
          [
            113.5530044,
            22.1452762
          ],
          [
            113.5529066,
            22.1452348
          ],
          [
            113.5527998,
            22.1452229
          ],
          [
            113.5526857,
            22.1450994
          ],
          [
            113.552442,
            22.145102
          ],
          [
            113.5521744,
            22.1450667
          ],
          [
            113.551923,
            22.144975
          ],
          [
            113.5516918,
            22.1448214
          ]
        ]
      },
      "id": "way/386893934"
    },
    {
      "type": "Feature",
      "properties": {
        "@id": "way/685087856",
        "admin_level": "3",
        "boundary": "administrative",
        "maritime": "yes",
        "name": "路氹航道段 Segmento do Canal da Taipa-Coloane",
        "name:pt": "Segmento do Canal da Taipa-Coloane",
        "name:zh": "路氹航道段",
        "@relations": [
          {
            "role": "outer",
            "rel": 9506158,
            "reltags": {
              "admin_level": "5",
              "boundary": "historic",
              "end_date": "1999-12-20",
              "name": "澳門 Macau",
              "name:ar": "ماكاو",
              "name:de": "Concelho de Macau",
              "name:en": "Municipality of Macau",
              "name:eo": "Makao",
              "name:es": "Macao",
              "name:fa": "ماکائو",
              "name:fr": "Municipalité de Macao",
              "name:hu": "Makaó",
              "name:it": "Consiglio di Macao",
              "name:ja": "澳門市",
              "name:ko": "마카오시",
              "name:lzh": "澳門",
              "name:nan": "Ò-mn̂g",
              "name:nan-Hant": "澳門",
              "name:nan-Latn-pehoeji": "Ò-mn̂g",
              "name:nan-Latn-tailo": "Ò-mn̂g",
              "name:nl": "Macau",
              "name:pl": "Makau",
              "name:pt": "Macau",
              "name:ru": "Макао",
              "name:sk": "Macao",
              "name:ur": "مکاؤ",
              "name:vi": "Ma Cao",
              "name:zh": "澳門市",
              "name:zh-Hans": "澳门",
              "name:zh-Hant": "澳門",
              "name:zh-Latn-pinyin": "Àomén-shì",
              "official_name:ar": "بلدية ماكاو",
              "official_name:ur": "بلدیہ مکاؤ",
              "type": "boundary",
              "wikidata": "Q841086",
              "wikipedia": "zh:澳門市"
            }
          }
        ]
      },
      "geometry": {
        "type": "LineString",
        "coordinates": [
          [
            113.5305833,
            22.1754444
          ],
          [
            113.5319722,
            22.1733055
          ]
        ]
      },
      "id": "way/685087856"
    },
    {
      "type": "Feature",
      "properties": {
        "@id": "way/685087857",
        "maritime": "yes",
        "@relations": [
          {
            "role": "outer",
            "rel": 9506158,
            "reltags": {
              "admin_level": "5",
              "boundary": "historic",
              "end_date": "1999-12-20",
              "name": "澳門 Macau",
              "name:ar": "ماكاو",
              "name:de": "Concelho de Macau",
              "name:en": "Municipality of Macau",
              "name:eo": "Makao",
              "name:es": "Macao",
              "name:fa": "ماکائو",
              "name:fr": "Municipalité de Macao",
              "name:hu": "Makaó",
              "name:it": "Consiglio di Macao",
              "name:ja": "澳門市",
              "name:ko": "마카오시",
              "name:lzh": "澳門",
              "name:nan": "Ò-mn̂g",
              "name:nan-Hant": "澳門",
              "name:nan-Latn-pehoeji": "Ò-mn̂g",
              "name:nan-Latn-tailo": "Ò-mn̂g",
              "name:nl": "Macau",
              "name:pl": "Makau",
              "name:pt": "Macau",
              "name:ru": "Макао",
              "name:sk": "Macao",
              "name:ur": "مکاؤ",
              "name:vi": "Ma Cao",
              "name:zh": "澳門市",
              "name:zh-Hans": "澳门",
              "name:zh-Hant": "澳門",
              "name:zh-Latn-pinyin": "Àomén-shì",
              "official_name:ar": "بلدية ماكاو",
              "official_name:ur": "بلدیہ مکاؤ",
              "type": "boundary",
              "wikidata": "Q841086",
              "wikipedia": "zh:澳門市"
            }
          }
        ]
      },
      "geometry": {
        "type": "LineString",
        "coordinates": [
          [
            113.5636138,
            22.1998821
          ],
          [
            113.5636551,
            22.1964544
          ],
          [
            113.5638713,
            22.1785036
          ],
          [
            113.5319722,
            22.1733055
          ]
        ]
      },
      "id": "way/685087857"
    },
    {
      "type": "Feature",
      "properties": {
        "@id": "way/685087859",
        "admin_level": "3",
        "boundary": "administrative",
        "maritime": "yes",
        "name": "內港段 Segmento do Porto Interior",
        "name:pt": "Segmento do Porto Interior",
        "name:zh": "內港段",
        "@relations": [
          {
            "role": "outer",
            "rel": 9506158,
            "reltags": {
              "admin_level": "5",
              "boundary": "historic",
              "end_date": "1999-12-20",
              "name": "澳門 Macau",
              "name:ar": "ماكاو",
              "name:de": "Concelho de Macau",
              "name:en": "Municipality of Macau",
              "name:eo": "Makao",
              "name:es": "Macao",
              "name:fa": "ماکائو",
              "name:fr": "Municipalité de Macao",
              "name:hu": "Makaó",
              "name:it": "Consiglio di Macao",
              "name:ja": "澳門市",
              "name:ko": "마카오시",
              "name:lzh": "澳門",
              "name:nan": "Ò-mn̂g",
              "name:nan-Hant": "澳門",
              "name:nan-Latn-pehoeji": "Ò-mn̂g",
              "name:nan-Latn-tailo": "Ò-mn̂g",
              "name:nl": "Macau",
              "name:pl": "Makau",
              "name:pt": "Macau",
              "name:ru": "Макао",
              "name:sk": "Macao",
              "name:ur": "مکاؤ",
              "name:vi": "Ma Cao",
              "name:zh": "澳門市",
              "name:zh-Hans": "澳门",
              "name:zh-Hant": "澳門",
              "name:zh-Latn-pinyin": "Àomén-shì",
              "official_name:ar": "بلدية ماكاو",
              "official_name:ur": "بلدیہ مکاؤ",
              "type": "boundary",
              "wikidata": "Q841086",
              "wikipedia": "zh:澳門市"
            }
          }
        ]
      },
      "geometry": {
        "type": "LineString",
        "coordinates": [
          [
            113.5346519,
            22.2073625
          ],
          [
            113.5353889,
            22.2066944
          ],
          [
            113.535494,
            22.2048477
          ]
        ]
      },
      "id": "way/685087859"
    },
    {
      "type": "Feature",
      "properties": {
        "@id": "way/685087860",
        "admin_level": "3",
        "boundary": "administrative",
        "maritime": "yes",
        "name": "澳門北部海域段 Segmento das águas a norte de Macau",
        "name:pt": "Segmento das águas a norte de Macau",
        "name:zh": "澳門北部海域段",
        "name:zh-Hans": "澳门北部海域段",
        "name:zh-Hant": "澳門北部海域段",
        "@relations": [
          {
            "role": "outer",
            "rel": 9506158,
            "reltags": {
              "admin_level": "5",
              "boundary": "historic",
              "end_date": "1999-12-20",
              "name": "澳門 Macau",
              "name:ar": "ماكاو",
              "name:de": "Concelho de Macau",
              "name:en": "Municipality of Macau",
              "name:eo": "Makao",
              "name:es": "Macao",
              "name:fa": "ماکائو",
              "name:fr": "Municipalité de Macao",
              "name:hu": "Makaó",
              "name:it": "Consiglio di Macao",
              "name:ja": "澳門市",
              "name:ko": "마카오시",
              "name:lzh": "澳門",
              "name:nan": "Ò-mn̂g",
              "name:nan-Hant": "澳門",
              "name:nan-Latn-pehoeji": "Ò-mn̂g",
              "name:nan-Latn-tailo": "Ò-mn̂g",
              "name:nl": "Macau",
              "name:pl": "Makau",
              "name:pt": "Macau",
              "name:ru": "Макао",
              "name:sk": "Macao",
              "name:ur": "مکاؤ",
              "name:vi": "Ma Cao",
              "name:zh": "澳門市",
              "name:zh-Hans": "澳门",
              "name:zh-Hant": "澳門",
              "name:zh-Latn-pinyin": "Àomén-shì",
              "official_name:ar": "بلدية ماكاو",
              "official_name:ur": "بلدیہ مکاؤ",
              "type": "boundary",
              "wikidata": "Q841086",
              "wikipedia": "zh:澳門市"
            }
          }
        ]
      },
      "geometry": {
        "type": "LineString",
        "coordinates": [
          [
            113.5622778,
            22.2122222
          ],
          [
            113.5538902,
            22.2153136
          ],
          [
            113.5538727,
            22.21532
          ]
        ]
      },
      "id": "way/685087860"
    },
    {
      "type": "Feature",
      "properties": {
        "@id": "way/685087861",
        "maritime": "yes",
        "@relations": [
          {
            "role": "outer",
            "rel": 9506158,
            "reltags": {
              "admin_level": "5",
              "boundary": "historic",
              "end_date": "1999-12-20",
              "name": "澳門 Macau",
              "name:ar": "ماكاو",
              "name:de": "Concelho de Macau",
              "name:en": "Municipality of Macau",
              "name:eo": "Makao",
              "name:es": "Macao",
              "name:fa": "ماکائو",
              "name:fr": "Municipalité de Macao",
              "name:hu": "Makaó",
              "name:it": "Consiglio di Macao",
              "name:ja": "澳門市",
              "name:ko": "마카오시",
              "name:lzh": "澳門",
              "name:nan": "Ò-mn̂g",
              "name:nan-Hant": "澳門",
              "name:nan-Latn-pehoeji": "Ò-mn̂g",
              "name:nan-Latn-tailo": "Ò-mn̂g",
              "name:nl": "Macau",
              "name:pl": "Makau",
              "name:pt": "Macau",
              "name:ru": "Макао",
              "name:sk": "Macao",
              "name:ur": "مکاؤ",
              "name:vi": "Ma Cao",
              "name:zh": "澳門市",
              "name:zh-Hans": "澳门",
              "name:zh-Hant": "澳門",
              "name:zh-Latn-pinyin": "Àomén-shì",
              "official_name:ar": "بلدية ماكاو",
              "official_name:ur": "بلدیہ مکاؤ",
              "type": "boundary",
              "wikidata": "Q841086",
              "wikipedia": "zh:澳門市"
            }
          }
        ]
      },
      "geometry": {
        "type": "LineString",
        "coordinates": [
          [
            113.5622778,
            22.2122222
          ],
          [
            113.5615968,
            22.2103715
          ],
          [
            113.5620689,
            22.2046501
          ],
          [
            113.5636138,
            22.1998821
          ]
        ]
      },
      "id": "way/685087861"
    },
    {
      "type": "Feature",
      "properties": {
        "@id": "way/685089389",
        "admin_level": "3",
        "boundary": "administrative",
        "maritime": "yes",
        "name": "內港段 Segmento do Porto Interior",
        "name:pt": "Segmento do Porto Interior",
        "name:zh": "內港段",
        "name:zh-Hans": "内港段",
        "name:zh-Hant": "內港段",
        "@relations": [
          {
            "role": "outer",
            "rel": 9506158,
            "reltags": {
              "admin_level": "5",
              "boundary": "historic",
              "end_date": "1999-12-20",
              "name": "澳門 Macau",
              "name:ar": "ماكاو",
              "name:de": "Concelho de Macau",
              "name:en": "Municipality of Macau",
              "name:eo": "Makao",
              "name:es": "Macao",
              "name:fa": "ماکائو",
              "name:fr": "Municipalité de Macao",
              "name:hu": "Makaó",
              "name:it": "Consiglio di Macao",
              "name:ja": "澳門市",
              "name:ko": "마카오시",
              "name:lzh": "澳門",
              "name:nan": "Ò-mn̂g",
              "name:nan-Hant": "澳門",
              "name:nan-Latn-pehoeji": "Ò-mn̂g",
              "name:nan-Latn-tailo": "Ò-mn̂g",
              "name:nl": "Macau",
              "name:pl": "Makau",
              "name:pt": "Macau",
              "name:ru": "Макао",
              "name:sk": "Macao",
              "name:ur": "مکاؤ",
              "name:vi": "Ma Cao",
              "name:zh": "澳門市",
              "name:zh-Hans": "澳门",
              "name:zh-Hant": "澳門",
              "name:zh-Latn-pinyin": "Àomén-shì",
              "official_name:ar": "بلدية ماكاو",
              "official_name:ur": "بلدیہ مکاؤ",
              "type": "boundary",
              "wikidata": "Q841086",
              "wikipedia": "zh:澳門市"
            }
          }
        ]
      },
      "geometry": {
        "type": "LineString",
        "coordinates": [
          [
            113.5356388,
            22.2023055
          ],
          [
            113.5347208,
            22.198772
          ],
          [
            113.5341978,
            22.1967588
          ]
        ]
      },
      "id": "way/685089389"
    },
    {
      "type": "Feature",
      "properties": {
        "@id": "way/706298801",
        "admin_level": "3",
        "boundary": "administrative",
        "name": "鴨涌河段 Segmento do Canal dos Patos",
        "name:pt": "Segmento do Canal dos Patos",
        "name:zh": "鴨涌河段",
        "@relations": [
          {
            "role": "outer",
            "rel": 9506158,
            "reltags": {
              "admin_level": "5",
              "boundary": "historic",
              "end_date": "1999-12-20",
              "name": "澳門 Macau",
              "name:ar": "ماكاو",
              "name:de": "Concelho de Macau",
              "name:en": "Municipality of Macau",
              "name:eo": "Makao",
              "name:es": "Macao",
              "name:fa": "ماکائو",
              "name:fr": "Municipalité de Macao",
              "name:hu": "Makaó",
              "name:it": "Consiglio di Macao",
              "name:ja": "澳門市",
              "name:ko": "마카오시",
              "name:lzh": "澳門",
              "name:nan": "Ò-mn̂g",
              "name:nan-Hant": "澳門",
              "name:nan-Latn-pehoeji": "Ò-mn̂g",
              "name:nan-Latn-tailo": "Ò-mn̂g",
              "name:nl": "Macau",
              "name:pl": "Makau",
              "name:pt": "Macau",
              "name:ru": "Макао",
              "name:sk": "Macao",
              "name:ur": "مکاؤ",
              "name:vi": "Ma Cao",
              "name:zh": "澳門市",
              "name:zh-Hans": "澳门",
              "name:zh-Hant": "澳門",
              "name:zh-Latn-pinyin": "Àomén-shì",
              "official_name:ar": "بلدية ماكاو",
              "official_name:ur": "بلدیہ مکاؤ",
              "type": "boundary",
              "wikidata": "Q841086",
              "wikipedia": "zh:澳門市"
            }
          }
        ]
      },
      "geometry": {
        "type": "LineString",
        "coordinates": [
          [
            113.5330833,
            22.2123056
          ],
          [
            113.5334156,
            22.2113078
          ],
          [
            113.5334443,
            22.2112214
          ],
          [
            113.5339694,
            22.2096444
          ],
          [
            113.5346519,
            22.2073625
          ]
        ]
      },
      "id": "way/706298801"
    },
    {
      "type": "Feature",
      "properties": {
        "@id": "way/771793939",
        "admin_level": "6",
        "boundary": "administrative",
        "@relations": [
          {
            "role": "outer",
            "rel": 5758869,
            "reltags": {
              "admin_level": "5",
              "boundary": "administrative",
              "name": "路環 Coloane",
              "name:cs": "Coloane",
              "name:de": "Coloane",
              "name:en": "Coloane",
              "name:es": "Coloane",
              "name:fa": "کولوان",
              "name:fr": "Coloane",
              "name:id": "Pulau Coloane",
              "name:it": "Coloane",
              "name:ja": "コロアネ",
              "name:ko": "콜로아느섬",
              "name:nl": "Coloane",
              "name:no": "Coloane",
              "name:pl": "Coloane",
              "name:pt": "Coloane",
              "name:ru": "Колоане",
              "name:sv": "Coloane",
              "name:th": "โกโลอานี",
              "name:ur": "کولوان",
              "name:vi": "Lộ Hoàn",
              "name:zh": "路環",
              "name:zh-Hans": "路环",
              "name:zh-Hant": "路環",
              "population": "4262",
              "type": "boundary",
              "wikidata": "Q1022920",
              "wikipedia": "zh:路環"
            }
          }
        ]
      },
      "geometry": {
        "type": "LineString",
        "coordinates": [
          [
            113.5514487,
            22.1282965
          ],
          [
            113.5514789,
            22.1281791
          ],
          [
            113.5515057,
            22.1278977
          ],
          [
            113.5514699,
            22.1276129
          ],
          [
            113.5514701,
            22.1274738
          ],
          [
            113.5514662,
            22.1267022
          ],
          [
            113.5514657,
            22.1265948
          ],
          [
            113.55146,
            22.1254551
          ],
          [
            113.5515307,
            22.1254572
          ],
          [
            113.5515426,
            22.1252327
          ],
          [
            113.5514706,
            22.1252266
          ],
          [
            113.5514772,
            22.1240654
          ],
          [
            113.5514999,
            22.1235101
          ],
          [
            113.5515225,
            22.1226793
          ],
          [
            113.5517895,
            22.1222593
          ],
          [
            113.5517506,
            22.121616
          ],
          [
            113.5516266,
            22.1215431
          ],
          [
            113.5515723,
            22.1215116
          ],
          [
            113.5515363,
            22.1214894
          ],
          [
            113.551512,
            22.1214716
          ],
          [
            113.5514791,
            22.1214511
          ],
          [
            113.55132,
            22.1213199
          ],
          [
            113.55118,
            22.1211999
          ],
          [
            113.5508824,
            22.1210534
          ],
          [
            113.5509055,
            22.1209969
          ],
          [
            113.5507475,
            22.1209109
          ],
          [
            113.5507645,
            22.1208798
          ],
          [
            113.5505851,
            22.1207761
          ],
          [
            113.5503977,
            22.1209311
          ],
          [
            113.550267,
            22.1208077
          ],
          [
            113.5503822,
            22.1207258
          ],
          [
            113.550347,
            22.1206842
          ],
          [
            113.5500548,
            22.120717
          ],
          [
            113.5500234,
            22.1204871
          ],
          [
            113.5502013,
            22.1204534
          ],
          [
            113.5501815,
            22.1204079
          ],
          [
            113.5498577,
            22.1205007
          ],
          [
            113.5497759,
            22.1202778
          ],
          [
            113.5499891,
            22.1201875
          ],
          [
            113.5498407,
            22.1197391
          ],
          [
            113.5498166,
            22.1196795
          ],
          [
            113.5497965,
            22.1196012
          ],
          [
            113.5497929,
            22.1195327
          ],
          [
            113.5498195,
            22.1192223
          ],
          [
            113.549643,
            22.1192107
          ],
          [
            113.5496505,
            22.1191127
          ],
          [
            113.5498237,
            22.1191296
          ],
          [
            113.549739,
            22.1190982
          ],
          [
            113.5493111,
            22.1190007
          ],
          [
            113.5493116,
            22.1189912
          ],
          [
            113.5493135,
            22.1189524
          ],
          [
            113.54933,
            22.1189555
          ],
          [
            113.5493333,
            22.1188927
          ],
          [
            113.5493166,
            22.1188915
          ],
          [
            113.5493213,
            22.1187997
          ],
          [
            113.5493864,
            22.1188068
          ],
          [
            113.5493828,
            22.1188523
          ],
          [
            113.5493722,
            22.1188517
          ],
          [
            113.5493675,
            22.1189151
          ],
          [
            113.5493776,
            22.1189192
          ],
          [
            113.5493734,
            22.118966
          ],
          [
            113.5497021,
            22.1190407
          ],
          [
            113.5495981,
            22.1189561
          ],
          [
            113.5496465,
            22.1189027
          ],
          [
            113.5497392,
            22.1189786
          ],
          [
            113.5497981,
            22.1189943
          ],
          [
            113.5498295,
            22.118894
          ],
          [
            113.549904,
            22.1189163
          ],
          [
            113.5498332,
            22.1186758
          ],
          [
            113.5499718,
            22.1186395
          ],
          [
            113.5500469,
            22.1189241
          ],
          [
            113.5500959,
            22.118911
          ],
          [
            113.5500282,
            22.1186248
          ],
          [
            113.5501103,
            22.1186033
          ],
          [
            113.5503443,
            22.1185676
          ],
          [
            113.5503336,
            22.1185235
          ],
          [
            113.5504717,
            22.1184806
          ],
          [
            113.5504885,
            22.1184669
          ],
          [
            113.5504885,
            22.1184396
          ],
          [
            113.5504831,
            22.1183924
          ],
          [
            113.5504456,
            22.1183172
          ],
          [
            113.5503812,
            22.1181159
          ],
          [
            113.5503752,
            22.1180395
          ],
          [
            113.550408,
            22.1179973
          ],
          [
            113.5504704,
            22.1179563
          ],
          [
            113.5505193,
            22.117924
          ],
          [
            113.5505864,
            22.1179097
          ],
          [
            113.5506776,
            22.1178768
          ],
          [
            113.549735,
            22.1176087
          ],
          [
            113.5497495,
            22.1175897
          ],
          [
            113.5508519,
            22.1179053
          ],
          [
            113.5509136,
            22.1179184
          ],
          [
            113.5509411,
            22.1178656
          ],
          [
            113.5509512,
            22.1178053
          ],
          [
            113.5509619,
            22.1176482
          ],
          [
            113.5509619,
            22.1175103
          ],
          [
            113.5509472,
            22.1173972
          ],
          [
            113.5506002,
            22.1158278
          ],
          [
            113.5500483,
            22.1145118
          ],
          [
            113.5497579,
            22.114335
          ],
          [
            113.5493896,
            22.1141566
          ],
          [
            113.5494386,
            22.1140659
          ],
          [
            113.5493278,
            22.1139408
          ],
          [
            113.5492956,
            22.1138911
          ],
          [
            113.5492513,
            22.1138693
          ],
          [
            113.5491957,
            22.1138538
          ],
          [
            113.5491648,
            22.1138283
          ],
          [
            113.5491454,
            22.1137923
          ],
          [
            113.5491454,
            22.1137612
          ],
          [
            113.5491528,
            22.1137401
          ],
          [
            113.5491709,
            22.1137103
          ],
          [
            113.5492051,
            22.1136817
          ],
          [
            113.5492748,
            22.1136606
          ],
          [
            113.5494909,
            22.1135273
          ],
          [
            113.5497643,
            22.1133227
          ],
          [
            113.5497844,
            22.1132785
          ],
          [
            113.5497951,
            22.1132177
          ],
          [
            113.5498434,
            22.1129763
          ],
          [
            113.5499711,
            22.1125086
          ],
          [
            113.5501402,
            22.1122696
          ],
          [
            113.5502231,
            22.1121796
          ],
          [
            113.5504463,
            22.1119971
          ],
          [
            113.550543,
            22.1118967
          ],
          [
            113.5506351,
            22.1118361
          ],
          [
            113.550723,
            22.1118123
          ],
          [
            113.5508037,
            22.1118112
          ],
          [
            113.5509373,
            22.1118403
          ],
          [
            113.5510798,
            22.1118412
          ],
          [
            113.5511872,
            22.1118236
          ],
          [
            113.5512821,
            22.1117747
          ],
          [
            113.5513935,
            22.1116427
          ],
          [
            113.5514387,
            22.1115909
          ],
          [
            113.5514722,
            22.1115751
          ],
          [
            113.5515077,
            22.1115739
          ],
          [
            113.5515681,
            22.1115764
          ],
          [
            113.5516358,
            22.1115815
          ],
          [
            113.5517069,
            22.111572
          ],
          [
            113.5518021,
            22.1115428
          ],
          [
            113.5519369,
            22.1114848
          ],
          [
            113.5520026,
            22.1114428
          ],
          [
            113.552053,
            22.111372
          ],
          [
            113.552179,
            22.1112577
          ],
          [
            113.5523289,
            22.1111827
          ],
          [
            113.5524628,
            22.1111026
          ],
          [
            113.5525836,
            22.1110416
          ],
          [
            113.5527417,
            22.110983
          ],
          [
            113.5528541,
            22.1109231
          ],
          [
            113.5530715,
            22.1108014
          ],
          [
            113.5531526,
            22.1107632
          ],
          [
            113.5534369,
            22.1106799
          ],
          [
            113.5535228,
            22.1106544
          ],
          [
            113.5535952,
            22.1106103
          ],
          [
            113.5536642,
            22.1105569
          ],
          [
            113.5537152,
            22.1104876
          ],
          [
            113.5537438,
            22.1102393
          ],
          [
            113.5538872,
            22.110078
          ],
          [
            113.5541595,
            22.1099566
          ],
          [
            113.5550141,
            22.1098304
          ],
          [
            113.5554188,
            22.1099946
          ],
          [
            113.5561167,
            22.1098694
          ],
          [
            113.556207,
            22.1098987
          ],
          [
            113.5564994,
            22.10979
          ],
          [
            113.5569934,
            22.1101371
          ],
          [
            113.5572,
            22.11055
          ],
          [
            113.556928,
            22.1106463
          ],
          [
            113.5569564,
            22.1108342
          ],
          [
            113.5570817,
            22.110943
          ],
          [
            113.5574472,
            22.1111743
          ],
          [
            113.5576481,
            22.1110451
          ],
          [
            113.5579644,
            22.1113811
          ],
          [
            113.5581476,
            22.1114179
          ],
          [
            113.5582849,
            22.1112973
          ],
          [
            113.558421,
            22.1115296
          ],
          [
            113.5585231,
            22.1114852
          ],
          [
            113.5587001,
            22.1115988
          ],
          [
            113.5588023,
            22.111722
          ],
          [
            113.5588233,
            22.1118675
          ],
          [
            113.5587369,
            22.112007
          ],
          [
            113.5587897,
            22.1121474
          ],
          [
            113.5588828,
            22.1123947
          ],
          [
            113.559048,
            22.1125937
          ],
          [
            113.5594651,
            22.1129578
          ],
          [
            113.5599524,
            22.1132232
          ],
          [
            113.5604763,
            22.1133171
          ],
          [
            113.5609679,
            22.1133246
          ],
          [
            113.5613799,
            22.1132301
          ],
          [
            113.5613064,
            22.1129911
          ],
          [
            113.5614357,
            22.1129632
          ],
          [
            113.561389,
            22.1124996
          ],
          [
            113.5614711,
            22.1124576
          ],
          [
            113.5614816,
            22.1121532
          ],
          [
            113.5617165,
            22.112182
          ],
          [
            113.5617363,
            22.112046
          ],
          [
            113.5618114,
            22.1119727
          ],
          [
            113.5618839,
            22.1118944
          ],
          [
            113.5618745,
            22.1118286
          ],
          [
            113.5619346,
            22.1117779
          ],
          [
            113.5621266,
            22.1117006
          ],
          [
            113.5621896,
            22.1116
          ],
          [
            113.562246,
            22.1116074
          ],
          [
            113.5623028,
            22.1115436
          ],
          [
            113.5624096,
            22.1115776
          ],
          [
            113.5624927,
            22.1117056
          ],
          [
            113.5628146,
            22.1118172
          ],
          [
            113.5629587,
            22.1117655
          ],
          [
            113.5631941,
            22.1118112
          ],
          [
            113.5633537,
            22.1118596
          ],
          [
            113.5633634,
            22.1119186
          ],
          [
            113.5638365,
            22.1122468
          ],
          [
            113.5641165,
            22.1122521
          ],
          [
            113.5641704,
            22.112188
          ],
          [
            113.564236,
            22.1121234
          ],
          [
            113.5643314,
            22.1120564
          ],
          [
            113.5644537,
            22.1120019
          ],
          [
            113.5645374,
            22.1119776
          ],
          [
            113.5646291,
            22.1119657
          ],
          [
            113.5647282,
            22.1119683
          ],
          [
            113.5648166,
            22.1119809
          ],
          [
            113.5648981,
            22.1120079
          ],
          [
            113.5649496,
            22.112038
          ],
          [
            113.5650128,
            22.1120925
          ],
          [
            113.565069,
            22.1121616
          ],
          [
            113.5651506,
            22.1122834
          ],
          [
            113.5652683,
            22.1122861
          ],
          [
            113.5653571,
            22.1124099
          ],
          [
            113.5655519,
            22.1124086
          ],
          [
            113.565639,
            22.1123266
          ],
          [
            113.5660787,
            22.1123312
          ],
          [
            113.5661725,
            22.1122501
          ],
          [
            113.5661749,
            22.1120744
          ],
          [
            113.5654054,
            22.1120699
          ],
          [
            113.5654003,
            22.1120807
          ],
          [
            113.5653855,
            22.1120862
          ],
          [
            113.5653668,
            22.1120807
          ],
          [
            113.5653615,
            22.1120727
          ],
          [
            113.5653599,
            22.1120648
          ],
          [
            113.5653584,
            22.1120513
          ],
          [
            113.5653669,
            22.1120364
          ],
          [
            113.5653773,
            22.1120258
          ],
          [
            113.5653951,
            22.1120224
          ],
          [
            113.565415,
            22.1120203
          ],
          [
            113.5673572,
            22.112007
          ],
          [
            113.5674446,
            22.1122508
          ],
          [
            113.5676209,
            22.1122754
          ],
          [
            113.5679046,
            22.1122024
          ],
          [
            113.5679671,
            22.1121268
          ],
          [
            113.56823,
            22.1120224
          ],
          [
            113.5682635,
            22.1121069
          ],
          [
            113.5683694,
            22.1120671
          ],
          [
            113.5686564,
            22.1119379
          ],
          [
            113.5688487,
            22.1118198
          ],
          [
            113.5694684,
            22.1117282
          ],
          [
            113.5695764,
            22.1117938
          ],
          [
            113.56999,
            22.1117324
          ],
          [
            113.5704842,
            22.1118702
          ],
          [
            113.5706954,
            22.1118573
          ],
          [
            113.5708486,
            22.1118947
          ],
          [
            113.5709994,
            22.1119686
          ],
          [
            113.5711394,
            22.1120774
          ],
          [
            113.5713615,
            22.112181
          ],
          [
            113.5717043,
            22.1123182
          ],
          [
            113.5719089,
            22.1124665
          ],
          [
            113.5720703,
            22.1125453
          ],
          [
            113.5722042,
            22.1126186
          ],
          [
            113.5728326,
            22.1127672
          ],
          [
            113.5729272,
            22.1128453
          ],
          [
            113.572959,
            22.1128356
          ],
          [
            113.573003,
            22.1128129
          ],
          [
            113.5730302,
            22.1128135
          ],
          [
            113.573052,
            22.112839
          ],
          [
            113.573047,
            22.1128771
          ],
          [
            113.5730297,
            22.1129189
          ],
          [
            113.5730758,
            22.112968
          ],
          [
            113.5732524,
            22.1132075
          ],
          [
            113.5733992,
            22.1133695
          ],
          [
            113.5735625,
            22.1134935
          ],
          [
            113.5736819,
            22.113622
          ],
          [
            113.5737902,
            22.1137519
          ],
          [
            113.5739981,
            22.1137124
          ],
          [
            113.57424,
            22.11389
          ],
          [
            113.5742631,
            22.1140737
          ],
          [
            113.5740622,
            22.1141644
          ],
          [
            113.573931,
            22.1140931
          ],
          [
            113.5740179,
            22.1145491
          ],
          [
            113.574019,
            22.1148898
          ],
          [
            113.5739313,
            22.1149743
          ],
          [
            113.5739825,
            22.1151268
          ],
          [
            113.5741386,
            22.1154973
          ],
          [
            113.5740308,
            22.1155751
          ],
          [
            113.5740008,
            22.1157033
          ],
          [
            113.5738028,
            22.1157033
          ],
          [
            113.5736832,
            22.1158885
          ],
          [
            113.5734418,
            22.1162622
          ],
          [
            113.5733935,
            22.1163172
          ],
          [
            113.5733345,
            22.1163398
          ],
          [
            113.5732554,
            22.1163504
          ],
          [
            113.5732013,
            22.1163441
          ],
          [
            113.5731314,
            22.116317
          ],
          [
            113.573099,
            22.1162898
          ],
          [
            113.5730692,
            22.1162407
          ],
          [
            113.5730599,
            22.1161979
          ],
          [
            113.5730668,
            22.1161575
          ],
          [
            113.5729243,
            22.1161314
          ],
          [
            113.5727674,
            22.1161336
          ],
          [
            113.5725747,
            22.1161686
          ],
          [
            113.5722867,
            22.1162382
          ],
          [
            113.5720189,
            22.1162738
          ],
          [
            113.5718491,
            22.1162777
          ],
          [
            113.5716456,
            22.1162659
          ],
          [
            113.5713215,
            22.1162269
          ],
          [
            113.5711318,
            22.1161949
          ],
          [
            113.5708132,
            22.1161266
          ],
          [
            113.5707856,
            22.1161971
          ],
          [
            113.570972,
            22.1163315
          ],
          [
            113.5709407,
            22.116428
          ],
          [
            113.5708799,
            22.1164477
          ],
          [
            113.5707929,
            22.116391
          ],
          [
            113.5708068,
            22.1163653
          ],
          [
            113.5706919,
            22.1162957
          ],
          [
            113.5706634,
            22.11628
          ],
          [
            113.5706272,
            22.1162747
          ],
          [
            113.5703382,
            22.1163812
          ],
          [
            113.5702701,
            22.1164304
          ],
          [
            113.5702275,
            22.1166049
          ],
          [
            113.5702079,
            22.1167589
          ],
          [
            113.5701595,
            22.117061
          ],
          [
            113.5700085,
            22.1178082
          ],
          [
            113.5700605,
            22.1184255
          ],
          [
            113.5702414,
            22.1189205
          ],
          [
            113.5703303,
            22.1192159
          ],
          [
            113.5706123,
            22.1201522
          ],
          [
            113.5708299,
            22.1206561
          ],
          [
            113.5710037,
            22.121121
          ],
          [
            113.571266,
            22.1216137
          ],
          [
            113.5715533,
            22.1219556
          ],
          [
            113.571851,
            22.1223395
          ],
          [
            113.5721348,
            22.1227569
          ],
          [
            113.5724038,
            22.1230998
          ],
          [
            113.5726589,
            22.1233769
          ],
          [
            113.572982,
            22.1236808
          ],
          [
            113.5732598,
            22.1240102
          ],
          [
            113.5736219,
            22.1243626
          ],
          [
            113.5739203,
            22.1245608
          ],
          [
            113.5741928,
            22.1247482
          ],
          [
            113.5745077,
            22.1249273
          ],
          [
            113.5748166,
            22.1251065
          ],
          [
            113.575134,
            22.1252468
          ],
          [
            113.5752502,
            22.1252981
          ],
          [
            113.5754065,
            22.1253149
          ],
          [
            113.5754896,
            22.1252655
          ],
          [
            113.5755704,
            22.1251794
          ],
          [
            113.5756372,
            22.1250762
          ],
          [
            113.5757255,
            22.124973
          ],
          [
            113.575779,
            22.1249596
          ],
          [
            113.5757977,
            22.1249262
          ],
          [
            113.5757935,
            22.1248723
          ],
          [
            113.5758818,
            22.1247631
          ],
          [
            113.5761965,
            22.1245802
          ],
          [
            113.5764791,
            22.1244428
          ],
          [
            113.5767152,
            22.1243427
          ],
          [
            113.5769552,
            22.1242452
          ],
          [
            113.5773588,
            22.1240961
          ],
          [
            113.5774155,
            22.1240368
          ],
          [
            113.5774657,
            22.1239763
          ],
          [
            113.5776879,
            22.1237178
          ],
          [
            113.5777607,
            22.1236804
          ],
          [
            113.5778846,
            22.1236713
          ],
          [
            113.5780495,
            22.1236892
          ],
          [
            113.5783284,
            22.1237382
          ],
          [
            113.5786739,
            22.123774
          ],
          [
            113.5789063,
            22.1237781
          ],
          [
            113.5791757,
            22.1237203
          ],
          [
            113.5794208,
            22.1236496
          ],
          [
            113.5795958,
            22.1235755
          ],
          [
            113.5797366,
            22.123511
          ],
          [
            113.5798526,
            22.1234413
          ],
          [
            113.5800092,
            22.1233793
          ],
          [
            113.5801308,
            22.1233709
          ],
          [
            113.5802825,
            22.1233893
          ],
          [
            113.5803817,
            22.1234331
          ],
          [
            113.5805227,
            22.1235337
          ],
          [
            113.5807807,
            22.1236972
          ],
          [
            113.5811627,
            22.1239605
          ],
          [
            113.5815009,
            22.1241889
          ],
          [
            113.5816909,
            22.1243034
          ],
          [
            113.581881,
            22.124403
          ],
          [
            113.5821594,
            22.1245598
          ],
          [
            113.582362,
            22.1246525
          ],
          [
            113.5826347,
            22.1247479
          ],
          [
            113.5828804,
            22.1248051
          ],
          [
            113.5831419,
            22.1248948
          ],
          [
            113.5832599,
            22.1249796
          ],
          [
            113.5834209,
            22.1251383
          ],
          [
            113.5834835,
            22.1253211
          ],
          [
            113.5836022,
            22.1256404
          ],
          [
            113.5840488,
            22.126523
          ],
          [
            113.5841177,
            22.1266592
          ],
          [
            113.584497,
            22.1268714
          ],
          [
            113.5845707,
            22.1269126
          ],
          [
            113.5846824,
            22.1270357
          ],
          [
            113.5848416,
            22.1272113
          ],
          [
            113.5851099,
            22.1273191
          ],
          [
            113.5852161,
            22.1273817
          ],
          [
            113.585259,
            22.1274214
          ],
          [
            113.5852859,
            22.1274652
          ],
          [
            113.5853406,
            22.1275666
          ],
          [
            113.5854125,
            22.1276093
          ],
          [
            113.5855594,
            22.1276729
          ],
          [
            113.5856335,
            22.1276967
          ],
          [
            113.5856775,
            22.1277047
          ],
          [
            113.5857386,
            22.1277375
          ],
          [
            113.5857579,
            22.1277673
          ],
          [
            113.5857762,
            22.1277981
          ],
          [
            113.5857386,
            22.1278826
          ],
          [
            113.5857697,
            22.1279263
          ],
          [
            113.5857517,
            22.1279515
          ],
          [
            113.5858038,
            22.1278964
          ],
          [
            113.5858285,
            22.1278951
          ],
          [
            113.5858684,
            22.1279021
          ],
          [
            113.5859283,
            22.1278957
          ],
          [
            113.5859551,
            22.1278836
          ],
          [
            113.5859909,
            22.1278492
          ],
          [
            113.586028,
            22.1278499
          ],
          [
            113.5860775,
            22.1278518
          ],
          [
            113.5860975,
            22.1278817
          ],
          [
            113.5861243,
            22.1279161
          ],
          [
            113.586158,
            22.1279499
          ],
          [
            113.5861594,
            22.1279715
          ],
          [
            113.5861498,
            22.1279926
          ],
          [
            113.5860995,
            22.1279888
          ],
          [
            113.586061,
            22.1279614
          ],
          [
            113.5860239,
            22.1279543
          ],
          [
            113.5859895,
            22.1279684
          ],
          [
            113.5859881,
            22.1279824
          ],
          [
            113.5859998,
            22.1280009
          ],
          [
            113.5859861,
            22.1280206
          ],
          [
            113.5860129,
            22.1280263
          ],
          [
            113.586061,
            22.1280187
          ],
          [
            113.586103,
            22.1280385
          ],
          [
            113.5861594,
            22.1280499
          ],
          [
            113.5862261,
            22.1280308
          ],
          [
            113.5862715,
            22.1280091
          ],
          [
            113.5862956,
            22.1279894
          ],
          [
            113.5863417,
            22.127976
          ],
          [
            113.5863685,
            22.127948
          ],
          [
            113.5864146,
            22.1279416
          ],
          [
            113.5863609,
            22.1279206
          ],
          [
            113.5863437,
            22.1278683
          ],
          [
            113.5863493,
            22.1278073
          ],
          [
            113.5868152,
            22.1275939
          ],
          [
            113.5872478,
            22.1276773
          ],
          [
            113.5873158,
            22.1277805
          ],
          [
            113.5873419,
            22.1278147
          ],
          [
            113.5873844,
            22.1278318
          ],
          [
            113.5874314,
            22.1278183
          ],
          [
            113.5874318,
            22.1277516
          ],
          [
            113.5874161,
            22.1277098
          ],
          [
            113.5874814,
            22.1277224
          ],
          [
            113.5875281,
            22.1276936
          ],
          [
            113.5876796,
            22.1276
          ],
          [
            113.5877761,
            22.1276
          ],
          [
            113.5879466,
            22.1276566
          ],
          [
            113.587998,
            22.1277515
          ],
          [
            113.5880448,
            22.1277719
          ],
          [
            113.5880914,
            22.1277777
          ],
          [
            113.5881163,
            22.1277549
          ],
          [
            113.5880673,
            22.1276755
          ],
          [
            113.5879885,
            22.1275762
          ],
          [
            113.5879333,
            22.1275166
          ],
          [
            113.5879293,
            22.1274733
          ],
          [
            113.5879488,
            22.1274171
          ],
          [
            113.5880571,
            22.1273513
          ],
          [
            113.5881768,
            22.1273284
          ],
          [
            113.5881431,
            22.1272284
          ],
          [
            113.5882173,
            22.1271551
          ],
          [
            113.5883745,
            22.1271435
          ],
          [
            113.5884837,
            22.1271885
          ],
          [
            113.5886584,
            22.1271825
          ],
          [
            113.588934,
            22.1271212
          ],
          [
            113.5890104,
            22.1271176
          ],
          [
            113.5889958,
            22.1270009
          ],
          [
            113.5891053,
            22.1270639
          ],
          [
            113.5891741,
            22.1270908
          ],
          [
            113.5893879,
            22.1271142
          ],
          [
            113.5898898,
            22.1271917
          ],
          [
            113.5900635,
            22.1273288
          ],
          [
            113.5902404,
            22.1275583
          ],
          [
            113.5904399,
            22.1278205
          ],
          [
            113.5905653,
            22.1280053
          ],
          [
            113.5905994,
            22.1280878
          ],
          [
            113.5906088,
            22.1281708
          ],
          [
            113.5905701,
            22.1282174
          ],
          [
            113.5904721,
            22.1282393
          ],
          [
            113.5903981,
            22.1282437
          ],
          [
            113.5903101,
            22.1282656
          ],
          [
            113.5903445,
            22.1283262
          ],
          [
            113.5904538,
            22.1283937
          ],
          [
            113.5905835,
            22.1284587
          ],
          [
            113.5908066,
            22.1285486
          ],
          [
            113.5909729,
            22.1286699
          ],
          [
            113.591129,
            22.1287551
          ],
          [
            113.591239,
            22.12872
          ],
          [
            113.5912723,
            22.1288192
          ],
          [
            113.5913856,
            22.1288634
          ],
          [
            113.5916302,
            22.1290841
          ],
          [
            113.5917012,
            22.1291054
          ],
          [
            113.5917556,
            22.1290898
          ],
          [
            113.5917279,
            22.1290292
          ],
          [
            113.5916768,
            22.1289647
          ],
          [
            113.5916967,
            22.1288966
          ],
          [
            113.5918411,
            22.1289458
          ],
          [
            113.5918844,
            22.128956
          ],
          [
            113.592087,
            22.128956
          ],
          [
            113.5922513,
            22.1289902
          ],
          [
            113.5922989,
            22.1289491
          ],
          [
            113.5923939,
            22.1290204
          ],
          [
            113.5923741,
            22.129061
          ],
          [
            113.5924059,
            22.1291107
          ],
          [
            113.5923852,
            22.1291596
          ],
          [
            113.5924226,
            22.1291928
          ],
          [
            113.5924605,
            22.1291589
          ],
          [
            113.5924912,
            22.1292344
          ],
          [
            113.5924586,
            22.1293295
          ],
          [
            113.5924826,
            22.1294154
          ],
          [
            113.5925728,
            22.1295341
          ],
          [
            113.592576,
            22.1295758
          ],
          [
            113.5925246,
            22.1296265
          ],
          [
            113.5925889,
            22.1297755
          ],
          [
            113.5924892,
            22.1300109
          ],
          [
            113.5923507,
            22.1300355
          ],
          [
            113.5921024,
            22.1298083
          ],
          [
            113.5920738,
            22.1298502
          ],
          [
            113.5922931,
            22.1300394
          ],
          [
            113.5924163,
            22.1301939
          ],
          [
            113.5924152,
            22.1303854
          ],
          [
            113.5925342,
            22.1306576
          ],
          [
            113.5925471,
            22.1308871
          ],
          [
            113.5924731,
            22.1312149
          ],
          [
            113.5923894,
            22.1313311
          ],
          [
            113.5923251,
            22.1313788
          ],
          [
            113.5920396,
            22.1312869
          ],
          [
            113.5920291,
            22.1312834
          ],
          [
            113.591883,
            22.1312391
          ],
          [
            113.5912951,
            22.1324067
          ],
          [
            113.591268,
            22.1324592
          ],
          [
            113.5905616,
            22.1338369
          ],
          [
            113.5905621,
            22.1339237
          ],
          [
            113.5907294,
            22.1342426
          ],
          [
            113.5907326,
            22.1344273
          ],
          [
            113.5906297,
            22.1346717
          ],
          [
            113.5904302,
            22.1347462
          ],
          [
            113.5903723,
            22.1347015
          ],
          [
            113.589893,
            22.1350025
          ],
          [
            113.5899766,
            22.1351098
          ],
          [
            113.5896298,
            22.1353339
          ],
          [
            113.5895914,
            22.1353587
          ],
          [
            113.5893911,
            22.1354882
          ],
          [
            113.587982,
            22.1336913
          ],
          [
            113.5875193,
            22.13402
          ],
          [
            113.5877574,
            22.1343138
          ],
          [
            113.5878,
            22.1343664
          ],
          [
            113.5879447,
            22.134545
          ],
          [
            113.587931,
            22.1346352
          ],
          [
            113.5878916,
            22.1346631
          ],
          [
            113.5878204,
            22.1347098
          ],
          [
            113.5868882,
            22.1353601
          ],
          [
            113.5868174,
            22.1353571
          ],
          [
            113.586737,
            22.1352677
          ],
          [
            113.5863587,
            22.1355115
          ],
          [
            113.5855673,
            22.1345192
          ],
          [
            113.5841759,
            22.1354335
          ],
          [
            113.5839233,
            22.1351062
          ],
          [
            113.5831577,
            22.134984
          ],
          [
            113.5831242,
            22.1352099
          ],
          [
            113.583055,
            22.1353323
          ],
          [
            113.5829459,
            22.1353923
          ],
          [
            113.5828609,
            22.1354365
          ],
          [
            113.5828671,
            22.1354915
          ],
          [
            113.5829743,
            22.1357077
          ],
          [
            113.5829859,
            22.1359009
          ],
          [
            113.5829171,
            22.1360926
          ],
          [
            113.5828956,
            22.1362218
          ],
          [
            113.582919,
            22.1363653
          ],
          [
            113.582836,
            22.1365211
          ],
          [
            113.5828196,
            22.1366106
          ],
          [
            113.5828119,
            22.1366848
          ],
          [
            113.5827782,
            22.1367575
          ],
          [
            113.5826825,
            22.1367788
          ],
          [
            113.5826392,
            22.1367562
          ],
          [
            113.5825511,
            22.1366641
          ],
          [
            113.5824345,
            22.1365456
          ],
          [
            113.5824715,
            22.1364087
          ],
          [
            113.5825283,
            22.136306
          ],
          [
            113.5825909,
            22.1362218
          ],
          [
            113.5825085,
            22.136148
          ],
          [
            113.5824203,
            22.1360295
          ],
          [
            113.582372,
            22.1359111
          ],
          [
            113.5823294,
            22.1358242
          ],
          [
            113.5823123,
            22.1357636
          ],
          [
            113.582409,
            22.135682
          ],
          [
            113.5823322,
            22.1356214
          ],
          [
            113.5822157,
            22.1355714
          ],
          [
            113.5821077,
            22.1354424
          ],
          [
            113.5820963,
            22.1353713
          ],
          [
            113.5820366,
            22.1352818
          ],
          [
            113.5819456,
            22.1352607
          ],
          [
            113.5816557,
            22.1351607
          ],
          [
            113.5815181,
            22.1352403
          ],
          [
            113.5814214,
            22.1352809
          ],
          [
            113.5813522,
            22.1353004
          ],
          [
            113.5812978,
            22.1353004
          ],
          [
            113.5812694,
            22.1352963
          ],
          [
            113.5812363,
            22.13524
          ],
          [
            113.5812153,
            22.1352361
          ],
          [
            113.5811878,
            22.1352443
          ],
          [
            113.5811962,
            22.1352858
          ],
          [
            113.5811871,
            22.1353143
          ],
          [
            113.5811678,
            22.1353386
          ],
          [
            113.5811363,
            22.1353364
          ],
          [
            113.5810875,
            22.1353332
          ],
          [
            113.5810108,
            22.1353658
          ],
          [
            113.5809135,
            22.1354148
          ],
          [
            113.5808756,
            22.1354709
          ],
          [
            113.5808005,
            22.1355333
          ],
          [
            113.5806939,
            22.1356147
          ],
          [
            113.5806686,
            22.1356825
          ],
          [
            113.5806569,
            22.1357188
          ],
          [
            113.5806384,
            22.1357247
          ],
          [
            113.5806134,
            22.1357221
          ],
          [
            113.5805487,
            22.1357575
          ],
          [
            113.5805066,
            22.1357415
          ],
          [
            113.5804462,
            22.1357997
          ],
          [
            113.5804182,
            22.1358716
          ],
          [
            113.5805218,
            22.1364046
          ],
          [
            113.5806018,
            22.1371986
          ],
          [
            113.5805685,
            22.1377397
          ],
          [
            113.5800681,
            22.1384298
          ],
          [
            113.5800678,
            22.1385163
          ],
          [
            113.5801116,
            22.1385611
          ],
          [
            113.5801564,
            22.1385149
          ],
          [
            113.5811611,
            22.1395208
          ],
          [
            113.5819655,
            22.1402764
          ],
          [
            113.5824459,
            22.1407345
          ],
          [
            113.5827643,
            22.1410189
          ],
          [
            113.5829576,
            22.1412795
          ],
          [
            113.5831423,
            22.1417271
          ],
          [
            113.583221,
            22.1419528
          ],
          [
            113.5832281,
            22.1419673
          ],
          [
            113.5832478,
            22.1420117
          ],
          [
            113.5832522,
            22.1420361
          ],
          [
            113.5833182,
            22.142256
          ],
          [
            113.5832705,
            22.1423723
          ],
          [
            113.5833056,
            22.1424286
          ],
          [
            113.5833551,
            22.1424646
          ],
          [
            113.5834549,
            22.142457
          ],
          [
            113.5836283,
            22.1423897
          ],
          [
            113.5838036,
            22.1423617
          ],
          [
            113.5838628,
            22.1423686
          ],
          [
            113.5840109,
            22.14264
          ],
          [
            113.5837376,
            22.1428287
          ],
          [
            113.5837047,
            22.142876
          ],
          [
            113.5837039,
            22.1429483
          ],
          [
            113.5836619,
            22.1430022
          ],
          [
            113.5836108,
            22.143008
          ],
          [
            113.5835642,
            22.1429893
          ],
          [
            113.5833825,
            22.1430497
          ],
          [
            113.58326,
            22.143072
          ],
          [
            113.5830665,
            22.1430788
          ],
          [
            113.5828041,
            22.143057
          ],
          [
            113.5824843,
            22.1429405
          ],
          [
            113.5815574,
            22.1423792
          ],
          [
            113.5805315,
            22.1417005
          ],
          [
            113.5786351,
            22.1405157
          ],
          [
            113.5783153,
            22.1402606
          ],
          [
            113.5782616,
            22.1402015
          ],
          [
            113.5782292,
            22.1401313
          ],
          [
            113.5782176,
            22.1400138
          ],
          [
            113.5782326,
            22.1399459
          ],
          [
            113.5782381,
            22.1399207
          ],
          [
            113.5782903,
            22.1398469
          ],
          [
            113.5771504,
            22.1391377
          ],
          [
            113.5771002,
            22.1390856
          ],
          [
            113.5770735,
            22.1390235
          ],
          [
            113.5770767,
            22.138961
          ],
          [
            113.5771229,
            22.1388982
          ],
          [
            113.5774596,
            22.1384206
          ],
          [
            113.5770301,
            22.138161
          ]
        ]
      },
      "id": "way/771793939"
    },
    {
      "type": "Feature",
      "properties": {
        "@id": "way/772147057",
        "admin_level": "6",
        "boundary": "administrative",
        "@relations": [
          {
            "role": "outer",
            "rel": 19584442,
            "reltags": {
              "name": "氹仔 Taipa",
              "name:ar": "تايبا",
              "name:en": "Taipa",
              "name:ja": "タイパ",
              "name:ml": "തായ്പ",
              "name:pt": "Taipa",
              "name:ru": "Тайпа",
              "name:zh": "氹仔",
              "name:zh-Hans": "氹仔",
              "name:zh-Hant": "氹仔",
              "place": "island",
              "type": "multipolygon",
              "wikidata": "Q1073822",
              "wikipedia": "zh:氹仔"
            }
          }
        ]
      },
      "geometry": {
        "type": "LineString",
        "coordinates": [
          [
            113.576744,
            22.1554431
          ],
          [
            113.5895686,
            22.1475204
          ],
          [
            113.5894167,
            22.1473249
          ],
          [
            113.5893676,
            22.1472007
          ],
          [
            113.58943,
            22.147
          ],
          [
            113.5894935,
            22.1467959
          ],
          [
            113.5895065,
            22.1467539
          ],
          [
            113.5896337,
            22.1463447
          ],
          [
            113.5896444,
            22.1463103
          ],
          [
            113.5897391,
            22.1462241
          ],
          [
            113.5897691,
            22.1461969
          ],
          [
            113.5898778,
            22.1460474
          ],
          [
            113.5899486,
            22.1460879
          ],
          [
            113.5899435,
            22.146128
          ],
          [
            113.5900867,
            22.146118
          ],
          [
            113.590239,
            22.1460792
          ],
          [
            113.5904614,
            22.1455896
          ],
          [
            113.5908334,
            22.144539
          ],
          [
            113.5943677,
            22.1349493
          ],
          [
            113.5944831,
            22.1345515
          ],
          [
            113.5947813,
            22.1342792
          ],
          [
            113.59521,
            22.134029
          ],
          [
            113.5955243,
            22.1340282
          ],
          [
            113.5958481,
            22.1340829
          ],
          [
            113.5978777,
            22.134755
          ],
          [
            113.5981025,
            22.1349825
          ],
          [
            113.5982529,
            22.1352573
          ],
          [
            113.5983546,
            22.13555
          ],
          [
            113.5982978,
            22.135788
          ],
          [
            113.5982532,
            22.1359751
          ],
          [
            113.5919202,
            22.1529645
          ],
          [
            113.587962,
            22.1637974
          ],
          [
            113.5875176,
            22.1650176
          ],
          [
            113.5874001,
            22.1653146
          ],
          [
            113.5871947,
            22.165483
          ],
          [
            113.5867355,
            22.1657165
          ],
          [
            113.5863856,
            22.16573
          ],
          [
            113.5858101,
            22.1655501
          ],
          [
            113.5854771,
            22.1654371
          ],
          [
            113.5851938,
            22.1653409
          ],
          [
            113.5849985,
            22.165171
          ],
          [
            113.5848301,
            22.16492
          ],
          [
            113.5847,
            22.1645271
          ],
          [
            113.5848314,
            22.16401
          ],
          [
            113.5848607,
            22.1639116
          ],
          [
            113.5849662,
            22.1636439
          ],
          [
            113.5850322,
            22.163465
          ],
          [
            113.5788975,
            22.1615078
          ],
          [
            113.5788826,
            22.1615295
          ],
          [
            113.5787282,
            22.1617539
          ],
          [
            113.5787941,
            22.1617936
          ],
          [
            113.5788128,
            22.161858
          ],
          [
            113.5788209,
            22.1619276
          ],
          [
            113.5788,
            22.1619588
          ],
          [
            113.5787307,
            22.1620009
          ],
          [
            113.5787255,
            22.1620194
          ],
          [
            113.5787304,
            22.1620471
          ],
          [
            113.5787536,
            22.1620688
          ],
          [
            113.5787954,
            22.1620639
          ],
          [
            113.5788423,
            22.1620369
          ],
          [
            113.5788529,
            22.1620324
          ],
          [
            113.5788835,
            22.1620533
          ],
          [
            113.5789122,
            22.1620649
          ],
          [
            113.5790114,
            22.1620479
          ],
          [
            113.5790579,
            22.1620459
          ],
          [
            113.5791496,
            22.1620786
          ],
          [
            113.5802926,
            22.1624431
          ],
          [
            113.5812303,
            22.1627957
          ],
          [
            113.5825554,
            22.1632924
          ],
          [
            113.5828881,
            22.1634038
          ],
          [
            113.5835416,
            22.1636058
          ],
          [
            113.5835827,
            22.1636417
          ],
          [
            113.5835863,
            22.163705
          ],
          [
            113.5835808,
            22.1637689
          ],
          [
            113.5835757,
            22.1638279
          ],
          [
            113.5834379,
            22.1642731
          ],
          [
            113.5828258,
            22.1658273
          ],
          [
            113.5828043,
            22.1658805
          ],
          [
            113.5827832,
            22.1659129
          ],
          [
            113.5827503,
            22.1659326
          ],
          [
            113.5827089,
            22.1659379
          ],
          [
            113.582662,
            22.1659375
          ],
          [
            113.5826145,
            22.16593
          ],
          [
            113.582541,
            22.165911
          ],
          [
            113.5816857,
            22.1656308
          ],
          [
            113.5816201,
            22.1656213
          ],
          [
            113.5815449,
            22.1656371
          ],
          [
            113.5814812,
            22.1656709
          ],
          [
            113.5814333,
            22.1657054
          ],
          [
            113.5813762,
            22.1657567
          ],
          [
            113.5813271,
            22.1658081
          ],
          [
            113.5812635,
            22.1659184
          ],
          [
            113.581076,
            22.1664919
          ],
          [
            113.5810457,
            22.1664912
          ],
          [
            113.5809166,
            22.1669627
          ],
          [
            113.5809478,
            22.1670639
          ],
          [
            113.5809503,
            22.167141
          ],
          [
            113.580942,
            22.1671784
          ],
          [
            113.5809347,
            22.1672157
          ],
          [
            113.5809202,
            22.1672406
          ],
          [
            113.5808633,
            22.1672849
          ],
          [
            113.5808066,
            22.167444
          ],
          [
            113.5805545,
            22.1681006
          ],
          [
            113.5802832,
            22.1688146
          ],
          [
            113.5800287,
            22.1694726
          ],
          [
            113.5797438,
            22.1703404
          ],
          [
            113.5797351,
            22.1703561
          ],
          [
            113.579717,
            22.1703689
          ],
          [
            113.5796915,
            22.170372
          ],
          [
            113.5796682,
            22.1703594
          ],
          [
            113.5796591,
            22.1703364
          ],
          [
            113.5796605,
            22.1703155
          ],
          [
            113.5800552,
            22.1691402
          ],
          [
            113.5803385,
            22.1683785
          ],
          [
            113.5804407,
            22.1680936
          ],
          [
            113.5807355,
            22.1673844
          ],
          [
            113.5807457,
            22.1673419
          ],
          [
            113.5807569,
            22.1673049
          ],
          [
            113.5807505,
            22.1672599
          ],
          [
            113.5805348,
            22.1665037
          ],
          [
            113.5801762,
            22.1651405
          ],
          [
            113.5801229,
            22.1649637
          ],
          [
            113.5800047,
            22.1648225
          ],
          [
            113.579753,
            22.1645484
          ],
          [
            113.5797022,
            22.1644989
          ],
          [
            113.579546,
            22.1643293
          ],
          [
            113.5795035,
            22.1642785
          ],
          [
            113.5794727,
            22.1642192
          ],
          [
            113.5794773,
            22.1641521
          ],
          [
            113.5798049,
            22.1632885
          ],
          [
            113.5798171,
            22.1632343
          ],
          [
            113.5798079,
            22.1631627
          ],
          [
            113.5797436,
            22.1630898
          ],
          [
            113.5787101,
            22.1627595
          ],
          [
            113.5786035,
            22.1627361
          ],
          [
            113.5784802,
            22.1627825
          ],
          [
            113.5784419,
            22.1628352
          ],
          [
            113.578451,
            22.1630641
          ],
          [
            113.5785063,
            22.1632682
          ],
          [
            113.5784877,
            22.163317
          ],
          [
            113.5787291,
            22.1642093
          ],
          [
            113.5788463,
            22.1646501
          ],
          [
            113.5786802,
            22.1646935
          ],
          [
            113.5786453,
            22.164574
          ],
          [
            113.5785677,
            22.1645952
          ],
          [
            113.5785572,
            22.1645581
          ],
          [
            113.5783778,
            22.1645997
          ],
          [
            113.578313,
            22.1643858
          ],
          [
            113.5774742,
            22.1645825
          ],
          [
            113.577599,
            22.1650562
          ],
          [
            113.5777704,
            22.1651002
          ],
          [
            113.5777546,
            22.1651603
          ],
          [
            113.5778876,
            22.1651986
          ],
          [
            113.5778523,
            22.1653218
          ],
          [
            113.5777183,
            22.1652858
          ],
          [
            113.5776869,
            22.1654005
          ],
          [
            113.5777697,
            22.165691
          ],
          [
            113.5779549,
            22.1657298
          ],
          [
            113.5779301,
            22.165796
          ],
          [
            113.5780614,
            22.1658244
          ],
          [
            113.5780198,
            22.1659499
          ],
          [
            113.5778977,
            22.1659203
          ],
          [
            113.5778663,
            22.1660284
          ],
          [
            113.5779428,
            22.1663179
          ],
          [
            113.5781212,
            22.1663632
          ],
          [
            113.5781088,
            22.1664279
          ],
          [
            113.5782413,
            22.1664602
          ],
          [
            113.5782068,
            22.166579
          ],
          [
            113.5780732,
            22.1665476
          ],
          [
            113.5780427,
            22.1666534
          ],
          [
            113.5781189,
            22.1669493
          ],
          [
            113.578293,
            22.166988
          ],
          [
            113.578275,
            22.1670551
          ],
          [
            113.5784094,
            22.1670848
          ],
          [
            113.5783772,
            22.1672088
          ],
          [
            113.5782483,
            22.1671846
          ],
          [
            113.5782134,
            22.1672814
          ],
          [
            113.578296,
            22.1675743
          ],
          [
            113.5782726,
            22.1676057
          ],
          [
            113.577715,
            22.1677465
          ],
          [
            113.5770508,
            22.1678901
          ],
          [
            113.5769711,
            22.1675869
          ],
          [
            113.5768758,
            22.1675101
          ],
          [
            113.5767855,
            22.1675907
          ],
          [
            113.5766924,
            22.167504
          ],
          [
            113.5767828,
            22.1674254
          ],
          [
            113.5767304,
            22.1673772
          ],
          [
            113.5768673,
            22.1672497
          ],
          [
            113.5767877,
            22.1669651
          ],
          [
            113.5767065,
            22.1668811
          ],
          [
            113.5766078,
            22.1669752
          ],
          [
            113.5765114,
            22.166883
          ],
          [
            113.5766101,
            22.1667889
          ],
          [
            113.5765655,
            22.166744
          ],
          [
            113.5766998,
            22.1666191
          ],
          [
            113.57663,
            22.1663366
          ],
          [
            113.5765437,
            22.1662492
          ],
          [
            113.5764315,
            22.166345
          ],
          [
            113.5763833,
            22.1662989
          ],
          [
            113.5763343,
            22.1662521
          ],
          [
            113.5764386,
            22.1661612
          ],
          [
            113.5763931,
            22.1661102
          ],
          [
            113.5765252,
            22.165995
          ],
          [
            113.5764488,
            22.1656994
          ],
          [
            113.5763573,
            22.1656205
          ],
          [
            113.5762534,
            22.1657149
          ],
          [
            113.5761563,
            22.165622
          ],
          [
            113.5762637,
            22.165539
          ],
          [
            113.5762125,
            22.1654878
          ],
          [
            113.5763487,
            22.165361
          ],
          [
            113.5762083,
            22.1648129
          ],
          [
            113.5761573,
            22.1648222
          ],
          [
            113.5761338,
            22.1648488
          ],
          [
            113.5760531,
            22.1648658
          ],
          [
            113.5760465,
            22.1648518
          ],
          [
            113.5754838,
            22.1649879
          ],
          [
            113.5754609,
            22.1650093
          ],
          [
            113.5753708,
            22.1650311
          ],
          [
            113.5753621,
            22.165015
          ],
          [
            113.5748383,
            22.1651413
          ],
          [
            113.574842,
            22.1651566
          ],
          [
            113.5747505,
            22.1651775
          ],
          [
            113.5747459,
            22.1651631
          ],
          [
            113.5744828,
            22.1652255
          ],
          [
            113.5747391,
            22.1661356
          ],
          [
            113.5744408,
            22.1662071
          ],
          [
            113.5741927,
            22.1652942
          ],
          [
            113.5741527,
            22.1653057
          ],
          [
            113.5741555,
            22.1653186
          ],
          [
            113.5740732,
            22.1653404
          ],
          [
            113.5740692,
            22.1653249
          ],
          [
            113.5736318,
            22.1654289
          ],
          [
            113.5736363,
            22.1654458
          ],
          [
            113.5735488,
            22.1654649
          ],
          [
            113.573545,
            22.1654513
          ],
          [
            113.5734928,
            22.1654624
          ],
          [
            113.5738762,
            22.1668503
          ],
          [
            113.5738461,
            22.1668554
          ],
          [
            113.5738615,
            22.1669412
          ],
          [
            113.5736489,
            22.1669859
          ],
          [
            113.5737282,
            22.1671352
          ],
          [
            113.575713,
            22.1700813
          ],
          [
            113.5757819,
            22.1702157
          ],
          [
            113.5757987,
            22.17028
          ],
          [
            113.5758172,
            22.1703532
          ],
          [
            113.5758268,
            22.1704986
          ],
          [
            113.5758061,
            22.1706156
          ],
          [
            113.5757618,
            22.1707196
          ],
          [
            113.5756829,
            22.1708391
          ],
          [
            113.575588,
            22.1709102
          ],
          [
            113.5748407,
            22.1713158
          ],
          [
            113.5747924,
            22.1712512
          ],
          [
            113.5753986,
            22.1709208
          ],
          [
            113.5750311,
            22.1703719
          ],
          [
            113.5746315,
            22.1705855
          ],
          [
            113.5745872,
            22.1705197
          ],
          [
            113.5750419,
            22.1702772
          ],
          [
            113.5744732,
            22.1693407
          ],
          [
            113.5734012,
            22.1696685
          ],
          [
            113.5731144,
            22.1697013
          ],
          [
            113.5728125,
            22.1697825
          ],
          [
            113.5727191,
            22.1697788
          ],
          [
            113.5726388,
            22.1697315
          ],
          [
            113.5725906,
            22.1696593
          ],
          [
            113.5725608,
            22.169558
          ],
          [
            113.5720309,
            22.167409
          ],
          [
            113.571904,
            22.1673445
          ],
          [
            113.5690382,
            22.1692544
          ],
          [
            113.5645947,
            22.1707212
          ],
          [
            113.5643311,
            22.1684883
          ],
          [
            113.5643251,
            22.1682628
          ],
          [
            113.5643515,
            22.1681297
          ],
          [
            113.5643962,
            22.1679815
          ],
          [
            113.5644655,
            22.1678565
          ],
          [
            113.5645553,
            22.167736
          ],
          [
            113.5646814,
            22.1676043
          ],
          [
            113.5648427,
            22.1674958
          ],
          [
            113.5650516,
            22.1674093
          ],
          [
            113.5664903,
            22.167073
          ],
          [
            113.5659238,
            22.1650212
          ],
          [
            113.5658965,
            22.1650235
          ],
          [
            113.5658584,
            22.1649185
          ],
          [
            113.5658402,
            22.1648683
          ],
          [
            113.5645966,
            22.1651549
          ],
          [
            113.564563,
            22.1652273
          ],
          [
            113.5640006,
            22.1653951
          ],
          [
            113.5638752,
            22.1654068
          ],
          [
            113.5637202,
            22.1653925
          ],
          [
            113.563598,
            22.1653571
          ],
          [
            113.563523,
            22.1653209
          ],
          [
            113.5633942,
            22.1652749
          ],
          [
            113.5633242,
            22.1652453
          ],
          [
            113.563005,
            22.1651996
          ],
          [
            113.5628047,
            22.1651736
          ],
          [
            113.562632,
            22.1651639
          ],
          [
            113.5622216,
            22.1651515
          ],
          [
            113.5616654,
            22.1651841
          ],
          [
            113.5611483,
            22.1652334
          ],
          [
            113.5607245,
            22.1652977
          ],
          [
            113.5605122,
            22.1653362
          ],
          [
            113.5603287,
            22.1653779
          ],
          [
            113.560157,
            22.1654271
          ],
          [
            113.5600219,
            22.1655976
          ],
          [
            113.5599038,
            22.165577
          ],
          [
            113.5597856,
            22.1655564
          ],
          [
            113.5591748,
            22.1657177
          ],
          [
            113.5586174,
            22.1658505
          ],
          [
            113.5584443,
            22.1659521
          ],
          [
            113.5583612,
            22.1659764
          ],
          [
            113.5581185,
            22.1660052
          ],
          [
            113.5577898,
            22.1660078
          ],
          [
            113.5575412,
            22.1660261
          ],
          [
            113.5574535,
            22.1660341
          ],
          [
            113.5573473,
            22.1660739
          ],
          [
            113.5571226,
            22.1661738
          ],
          [
            113.557045,
            22.1662157
          ],
          [
            113.5570022,
            22.1662596
          ],
          [
            113.5569833,
            22.1662878
          ],
          [
            113.5569363,
            22.1665041
          ],
          [
            113.55691,
            22.1665354
          ],
          [
            113.5568711,
            22.1665582
          ],
          [
            113.5568332,
            22.1665606
          ],
          [
            113.5567893,
            22.1665328
          ],
          [
            113.5567641,
            22.1664949
          ],
          [
            113.5567249,
            22.1663351
          ],
          [
            113.5567014,
            22.1662693
          ],
          [
            113.5566737,
            22.16624
          ],
          [
            113.5566392,
            22.1662082
          ],
          [
            113.5566015,
            22.1661871
          ],
          [
            113.5565249,
            22.1661662
          ],
          [
            113.5563777,
            22.1661442
          ],
          [
            113.5563017,
            22.166116
          ],
          [
            113.5562015,
            22.1660432
          ],
          [
            113.5561557,
            22.1659873
          ],
          [
            113.5561225,
            22.1659187
          ],
          [
            113.5559163,
            22.1657551
          ],
          [
            113.5559193,
            22.1657116
          ],
          [
            113.5558462,
            22.1656674
          ],
          [
            113.555769,
            22.1656465
          ],
          [
            113.5556809,
            22.1656394
          ],
          [
            113.5555995,
            22.1656372
          ],
          [
            113.5553232,
            22.1656475
          ],
          [
            113.5551577,
            22.1656331
          ],
          [
            113.5549515,
            22.1656056
          ],
          [
            113.5548192,
            22.1655935
          ],
          [
            113.5546838,
            22.1656063
          ],
          [
            113.5545063,
            22.1656423
          ],
          [
            113.5538615,
            22.1658568
          ],
          [
            113.5535311,
            22.1658873
          ],
          [
            113.5534195,
            22.1659135
          ],
          [
            113.5533751,
            22.1659411
          ],
          [
            113.5533194,
            22.1659627
          ],
          [
            113.5532599,
            22.1659671
          ],
          [
            113.5526328,
            22.1659793
          ],
          [
            113.5522023,
            22.1659719
          ],
          [
            113.5520363,
            22.1659574
          ],
          [
            113.5517627,
            22.1659281
          ],
          [
            113.5515498,
            22.1658844
          ],
          [
            113.5510997,
            22.1657487
          ],
          [
            113.5509287,
            22.1656895
          ],
          [
            113.5506429,
            22.1655767
          ],
          [
            113.5500201,
            22.1652754
          ],
          [
            113.5496187,
            22.1651139
          ],
          [
            113.5494946,
            22.165073
          ],
          [
            113.5493429,
            22.1650394
          ],
          [
            113.5492427,
            22.1650134
          ],
          [
            113.5491803,
            22.165048
          ],
          [
            113.5488001,
            22.1652049
          ],
          [
            113.5487606,
            22.1653001
          ],
          [
            113.5487023,
            22.165323
          ],
          [
            113.5486504,
            22.1653153
          ],
          [
            113.5486118,
            22.1653047
          ],
          [
            113.548583,
            22.1652242
          ],
          [
            113.5485509,
            22.1651685
          ],
          [
            113.5485117,
            22.1651039
          ],
          [
            113.5484717,
            22.1650253
          ],
          [
            113.5484409,
            22.1649563
          ],
          [
            113.5484313,
            22.1648977
          ],
          [
            113.5483992,
            22.1648654
          ],
          [
            113.5483542,
            22.16483
          ],
          [
            113.5483063,
            22.1648015
          ],
          [
            113.548242,
            22.1647889
          ],
          [
            113.5478199,
            22.16473
          ],
          [
            113.5466796,
            22.1645541
          ],
          [
            113.5459341,
            22.1643923
          ],
          [
            113.54588,
            22.1644012
          ],
          [
            113.5458339,
            22.1644036
          ],
          [
            113.5457706,
            22.1643948
          ],
          [
            113.5457264,
            22.1643786
          ],
          [
            113.5456917,
            22.1643604
          ],
          [
            113.5456506,
            22.1643316
          ],
          [
            113.5454442,
            22.1642907
          ],
          [
            113.5447499,
            22.1642984
          ],
          [
            113.544046,
            22.1642766
          ],
          [
            113.543992,
            22.1642976
          ],
          [
            113.5439564,
            22.1643096
          ],
          [
            113.5438949,
            22.1643195
          ],
          [
            113.543839,
            22.1643152
          ],
          [
            113.5437904,
            22.1642982
          ],
          [
            113.5437552,
            22.1642727
          ],
          [
            113.5437282,
            22.1642444
          ],
          [
            113.5431636,
            22.1641645
          ],
          [
            113.5430489,
            22.1641303
          ],
          [
            113.5429088,
            22.1640752
          ],
          [
            113.5428013,
            22.1640213
          ],
          [
            113.5424474,
            22.1638269
          ],
          [
            113.5422673,
            22.1636938
          ],
          [
            113.5420983,
            22.1635549
          ],
          [
            113.5419513,
            22.1635372
          ],
          [
            113.5417914,
            22.1635484
          ],
          [
            113.5415089,
            22.1636067
          ],
          [
            113.5412496,
            22.163708
          ],
          [
            113.5409594,
            22.1638698
          ],
          [
            113.5408172,
            22.1639708
          ],
          [
            113.5407429,
            22.1640482
          ],
          [
            113.5405821,
            22.1644844
          ],
          [
            113.5403845,
            22.1650684
          ],
          [
            113.5398347,
            22.1661042
          ],
          [
            113.5396519,
            22.1662739
          ],
          [
            113.5394111,
            22.1662831
          ],
          [
            113.5389479,
            22.1660575
          ],
          [
            113.53885,
            22.1657729
          ],
          [
            113.5389638,
            22.1655396
          ],
          [
            113.5393323,
            22.1639986
          ],
          [
            113.5394651,
            22.1632737
          ],
          [
            113.5395482,
            22.1624721
          ],
          [
            113.5396488,
            22.1616946
          ],
          [
            113.5398236,
            22.1608953
          ],
          [
            113.5398486,
            22.1607807
          ],
          [
            113.5400208,
            22.1601542
          ],
          [
            113.541565,
            22.1556572
          ],
          [
            113.5415851,
            22.1556095
          ],
          [
            113.5417339,
            22.1552565
          ],
          [
            113.5420397,
            22.1548745
          ],
          [
            113.5424546,
            22.1544715
          ],
          [
            113.5426524,
            22.1543257
          ],
          [
            113.5456207,
            22.1521467
          ],
          [
            113.545804,
            22.1520577
          ],
          [
            113.5458282,
            22.1520527
          ],
          [
            113.5458523,
            22.1520552
          ],
          [
            113.5458966,
            22.1520564
          ],
          [
            113.5459274,
            22.1520539
          ],
          [
            113.5459556,
            22.1520378
          ],
          [
            113.545981,
            22.1520129
          ],
          [
            113.5459904,
            22.1519881
          ],
          [
            113.5459891,
            22.151962
          ],
          [
            113.5459945,
            22.1519297
          ],
          [
            113.5460965,
            22.1517577
          ],
          [
            113.5487994,
            22.1486714
          ],
          [
            113.5488822,
            22.1486156
          ],
          [
            113.5489569,
            22.1485946
          ],
          [
            113.5490176,
            22.1485978
          ],
          [
            113.5491113,
            22.1486235
          ],
          [
            113.5491844,
            22.148663
          ],
          [
            113.5492455,
            22.1487101
          ],
          [
            113.5492838,
            22.148766
          ],
          [
            113.5492993,
            22.1488367
          ],
          [
            113.5493078,
            22.1488799
          ],
          [
            113.5493077,
            22.1489352
          ],
          [
            113.549281,
            22.1489931
          ],
          [
            113.5492563,
            22.1490354
          ],
          [
            113.5491114,
            22.1491915
          ],
          [
            113.5484928,
            22.1500073
          ],
          [
            113.5476821,
            22.150881
          ],
          [
            113.5476755,
            22.1509118
          ],
          [
            113.5476956,
            22.1509417
          ],
          [
            113.5479546,
            22.1511679
          ],
          [
            113.5480449,
            22.1511838
          ],
          [
            113.5500629,
            22.1511733
          ],
          [
            113.5500633,
            22.1510925
          ],
          [
            113.5500776,
            22.1481115
          ],
          [
            113.5495043,
            22.1481131
          ],
          [
            113.5494957,
            22.1481249
          ],
          [
            113.5493453,
            22.1483313
          ],
          [
            113.5493369,
            22.1483406
          ],
          [
            113.5493201,
            22.1483428
          ],
          [
            113.5493085,
            22.1483387
          ],
          [
            113.5492042,
            22.1482897
          ],
          [
            113.5492015,
            22.1482821
          ],
          [
            113.5491975,
            22.1482711
          ],
          [
            113.5492002,
            22.1482547
          ],
          [
            113.5492711,
            22.1481566
          ],
          [
            113.5495269,
            22.1477724
          ],
          [
            113.549639,
            22.1477636
          ],
          [
            113.5497127,
            22.1475686
          ],
          [
            113.5498275,
            22.147268
          ],
          [
            113.5501882,
            22.1468021
          ],
          [
            113.5509005,
            22.1458684
          ],
          [
            113.5509234,
            22.1457662
          ],
          [
            113.5510056,
            22.1456637
          ],
          [
            113.5511103,
            22.1455978
          ],
          [
            113.5513657,
            22.1452522
          ],
          [
            113.5513645,
            22.1451861
          ],
          [
            113.5514494,
            22.1450672
          ],
          [
            113.5515401,
            22.145024
          ],
          [
            113.5516918,
            22.1448214
          ]
        ]
      },
      "id": "way/772147057"
    },
    {
      "type": "Feature",
      "properties": {
        "@id": "way/889508509",
        "admin_level": "3",
        "boundary": "administrative",
        "maritime": "yes",
        "name": "內港段 Segmento do Porto Interior",
        "name:pt": "Segmento do Porto Interior",
        "name:zh": "內港段",
        "name:zh-Hans": "內港段",
        "name:zh-Hant": "内港段",
        "@relations": [
          {
            "role": "outer",
            "rel": 9506158,
            "reltags": {
              "admin_level": "5",
              "boundary": "historic",
              "end_date": "1999-12-20",
              "name": "澳門 Macau",
              "name:ar": "ماكاو",
              "name:de": "Concelho de Macau",
              "name:en": "Municipality of Macau",
              "name:eo": "Makao",
              "name:es": "Macao",
              "name:fa": "ماکائو",
              "name:fr": "Municipalité de Macao",
              "name:hu": "Makaó",
              "name:it": "Consiglio di Macao",
              "name:ja": "澳門市",
              "name:ko": "마카오시",
              "name:lzh": "澳門",
              "name:nan": "Ò-mn̂g",
              "name:nan-Hant": "澳門",
              "name:nan-Latn-pehoeji": "Ò-mn̂g",
              "name:nan-Latn-tailo": "Ò-mn̂g",
              "name:nl": "Macau",
              "name:pl": "Makau",
              "name:pt": "Macau",
              "name:ru": "Макао",
              "name:sk": "Macao",
              "name:ur": "مکاؤ",
              "name:vi": "Ma Cao",
              "name:zh": "澳門市",
              "name:zh-Hans": "澳门",
              "name:zh-Hant": "澳門",
              "name:zh-Latn-pinyin": "Àomén-shì",
              "official_name:ar": "بلدية ماكاو",
              "official_name:ur": "بلدیہ مکاؤ",
              "type": "boundary",
              "wikidata": "Q841086",
              "wikipedia": "zh:澳門市"
            }
          }
        ]
      },
      "geometry": {
        "type": "LineString",
        "coordinates": [
          [
            113.5282302,
            22.1829841
          ],
          [
            113.5281666,
            22.1821666
          ],
          [
            113.5294166,
            22.177
          ],
          [
            113.5305833,
            22.1754444
          ]
        ]
      },
      "id": "way/889508509"
    },
    {
      "type": "Feature",
      "properties": {
        "@id": "way/1206013787",
        "admin_level": "3",
        "boundary": "administrative",
        "maritime": "yes",
        "name": "內港段 Segmento do Porto Interior",
        "name:pt": "Segmento do Porto Interior",
        "name:zh": "內港段",
        "@relations": [
          {
            "role": "outer",
            "rel": 9506158,
            "reltags": {
              "admin_level": "5",
              "boundary": "historic",
              "end_date": "1999-12-20",
              "name": "澳門 Macau",
              "name:ar": "ماكاو",
              "name:de": "Concelho de Macau",
              "name:en": "Municipality of Macau",
              "name:eo": "Makao",
              "name:es": "Macao",
              "name:fa": "ماکائو",
              "name:fr": "Municipalité de Macao",
              "name:hu": "Makaó",
              "name:it": "Consiglio di Macao",
              "name:ja": "澳門市",
              "name:ko": "마카오시",
              "name:lzh": "澳門",
              "name:nan": "Ò-mn̂g",
              "name:nan-Hant": "澳門",
              "name:nan-Latn-pehoeji": "Ò-mn̂g",
              "name:nan-Latn-tailo": "Ò-mn̂g",
              "name:nl": "Macau",
              "name:pl": "Makau",
              "name:pt": "Macau",
              "name:ru": "Макао",
              "name:sk": "Macao",
              "name:ur": "مکاؤ",
              "name:vi": "Ma Cao",
              "name:zh": "澳門市",
              "name:zh-Hans": "澳门",
              "name:zh-Hant": "澳門",
              "name:zh-Latn-pinyin": "Àomén-shì",
              "official_name:ar": "بلدية ماكاو",
              "official_name:ur": "بلدیہ مکاؤ",
              "type": "boundary",
              "wikidata": "Q841086",
              "wikipedia": "zh:澳門市"
            }
          }
        ]
      },
      "geometry": {
        "type": "LineString",
        "coordinates": [
          [
            113.535494,
            22.2048477
          ],
          [
            113.5355321,
            22.2041626
          ],
          [
            113.5356388,
            22.2023055
          ]
        ]
      },
      "id": "way/1206013787"
    },
    {
      "type": "Feature",
      "properties": {
        "@id": "way/1227614099",
        "admin_level": "3",
        "boundary": "administrative",
        "name": "澳門北部海域段 Segmento das águas a norte de Macau",
        "name:pt": "Segmento das águas a norte de Macau",
        "name:zh": "澳門北部海域段",
        "@relations": [
          {
            "role": "outer",
            "rel": 9506158,
            "reltags": {
              "admin_level": "5",
              "boundary": "historic",
              "end_date": "1999-12-20",
              "name": "澳門 Macau",
              "name:ar": "ماكاو",
              "name:de": "Concelho de Macau",
              "name:en": "Municipality of Macau",
              "name:eo": "Makao",
              "name:es": "Macao",
              "name:fa": "ماکائو",
              "name:fr": "Municipalité de Macao",
              "name:hu": "Makaó",
              "name:it": "Consiglio di Macao",
              "name:ja": "澳門市",
              "name:ko": "마카오시",
              "name:lzh": "澳門",
              "name:nan": "Ò-mn̂g",
              "name:nan-Hant": "澳門",
              "name:nan-Latn-pehoeji": "Ò-mn̂g",
              "name:nan-Latn-tailo": "Ò-mn̂g",
              "name:nl": "Macau",
              "name:pl": "Makau",
              "name:pt": "Macau",
              "name:ru": "Макао",
              "name:sk": "Macao",
              "name:ur": "مکاؤ",
              "name:vi": "Ma Cao",
              "name:zh": "澳門市",
              "name:zh-Hans": "澳门",
              "name:zh-Hant": "澳門",
              "name:zh-Latn-pinyin": "Àomén-shì",
              "official_name:ar": "بلدية ماكاو",
              "official_name:ur": "بلدیہ مکاؤ",
              "type": "boundary",
              "wikidata": "Q841086",
              "wikipedia": "zh:澳門市"
            }
          }
        ]
      },
      "geometry": {
        "type": "LineString",
        "coordinates": [
          [
            113.5538727,
            22.21532
          ],
          [
            113.5520278,
            22.216
          ],
          [
            113.551584,
            22.2157686
          ]
        ]
      },
      "id": "way/1227614099"
    }
  ]
}